id,timestamp_utc,i_value
FE:C7:A5:36:EF:E9:AB:36:20480:0,2022-10-17 23:39:53.752,3050
FE:C7:A5:36:EF:E9:AB:36:20480:0,2022-10-18 00:39:53.872,3050
FE:C7:A5:36:EF:E9:AB:36:20480:0,2022-10-18 01:39:54.982,3050
FE:C7:A5:36:EF:E9:AB:36:20480:0,2022-10-18 02:39:55.112,3050
FE:C7:A5:36:EF:E9:AB:36:20480:0,2022-10-18 03:39:59.232,3050
FE:C7:A5:36:EF:E9:AB:36:20480:0,2022-10-18 04:39:56.352,3050
FE:C7:A5:36:EF:E9:AB:36:20480:0,2022-10-18 05:39:54.482,3050
FE:C7:A5:36:EF:E9:AB:36:20480:0,2022-10-18 06:39:54.602,3050
FE:C7:A5:36:EF:E9:AB:36:20480:0,2022-10-18 07:39:55.722,3050
FE:C7:A5:36:EF:E9:AB:36:20480:0,2022-10-18 08:39:55.842,3050
FE:C7:A5:36:EF:E9:AB:36:20480:0,2022-10-18 09:40:00.962,3050
FE:C7:A5:36:EF:E9:AB:36:20480:0,2022-10-18 09:50:01.012,3050
FE:C7:A5:36:EF:E9:AB:36:20480:0,2022-10-18 10:40:05.092,3050
FE:C7:A5:36:EF:E9:AB:36:20480:0,2022-10-18 11:39:57.212,3050
FE:C7:A5:36:EF:E9:AB:36:20480:0,2022-10-18 12:06:49.262,3051
FE:C7:A5:36:EF:E9:AB:36:20480:0,2022-10-18 12:11:19.228,3052
FE:C7:A5:36:EF:E9:AB:36:20480:0,2022-10-18 12:17:58.702,3052
FE:C7:A5:36:EF:E9:AB:36:20480:0,2022-10-18 12:29:01.332,3052
FE:C7:A5:36:EF:E9:AB:36:20480:0,2022-10-18 12:39:56.332,3052
FE:C7:A5:36:EF:E9:AB:36:20480:0,2022-10-18 13:39:55.452,3052
FE:C7:A5:36:EF:E9:AB:36:20480:0,2022-10-18 14:39:55.562,3052
FE:C7:A5:36:EF:E9:AB:36:20480:0,2022-10-18 15:39:58.692,3052
FE:C7:A5:36:EF:E9:AB:36:20480:0,2022-10-18 16:39:55.812,3052
FE:C7:A5:36:EF:E9:AB:36:20480:0,2022-10-18 17:39:56.932,3052
FE:C7:A5:36:EF:E9:AB:36:20480:0,2022-10-18 18:39:56.052,3052
FE:C7:A5:36:EF:E9:AB:36:20480:0,2022-10-18 19:39:56.172,3052
FE:C7:A5:36:EF:E9:AB:36:20480:0,2022-10-18 20:40:02.302,3052
FE:C7:A5:36:EF:E9:AB:36:20480:0,2022-10-18 21:39:56.422,3052
FE:C7:A5:36:EF:E9:AB:36:20480:0,2022-10-18 22:39:56.552,3052
FE:C7:A5:36:EF:E9:AB:36:20480:0,2022-10-18 23:29:38.712,3052
FE:C7:A5:36:EF:E9:AB:36:20480:0,2022-10-18 23:40:02.112,3052
FE:C7:A5:36:EF:E9:AB:36:20480:0,2022-10-19 00:39:56.232,3052
FE:C7:A5:36:EF:E9:AB:36:20480:0,2022-10-19 01:39:58.352,3052
FE:C7:A5:36:EF:E9:AB:36:20480:0,2022-10-19 02:39:59.472,3052
FE:C7:A5:36:EF:E9:AB:36:20480:0,2022-10-19 03:40:00.592,3052
FE:C7:A5:36:EF:E9:AB:36:20480:0,2022-10-19 04:39:58.722,3052
FE:C7:A5:36:EF:E9:AB:36:20480:0,2022-10-19 04:49:59.696,3053
FE:C7:A5:36:EF:E9:AB:36:20480:0,2022-10-19 04:59:12.032,3053
FE:C7:A5:36:EF:E9:AB:36:20480:0,2022-10-19 05:20:00.282,3053
FE:C7:A5:36:EF:E9:AB:36:20480:0,2022-10-19 05:24:34.862,3054
FE:C7:A5:36:EF:E9:AB:36:20480:0,2022-10-19 05:39:58.892,3054
FE:C7:A5:36:EF:E9:AB:36:20480:0,2022-10-19 06:39:58.012,3054
FE:C7:A5:36:EF:E9:AB:36:20480:0,2022-10-19 06:54:57.262,3055
FE:C7:A5:36:EF:E9:AB:36:20480:0,2022-10-19 07:39:57.532,3055
FE:C7:A5:36:EF:E9:AB:36:20480:0,2022-10-19 08:39:57.642,3055
FE:C7:A5:36:EF:E9:AB:36:20480:0,2022-10-19 09:39:57.042,3055
FE:C7:A5:36:EF:E9:AB:36:20480:0,2022-10-19 09:39:57.352,3055
FE:C7:A5:36:EF:E9:AB:36:20480:0,2022-10-19 10:39:58.232,3055
FE:C7:A5:36:EF:E9:AB:36:20480:0,2022-10-19 11:40:00.392,3055
FE:C7:A5:36:EF:E9:AB:36:20480:0,2022-10-19 12:40:06.512,3055
FE:C7:A5:36:EF:E9:AB:36:20480:0,2022-10-19 13:40:06.622,3055
FE:C7:A5:36:EF:E9:AB:36:20480:0,2022-10-19 13:43:02.662,3055
FE:C7:A5:36:EF:E9:AB:36:20480:0,2022-10-19 14:22:57.792,3055
FE:C7:A5:36:EF:E9:AB:36:20480:0,2022-10-19 14:40:03.352,3055
FE:C7:A5:36:EF:E9:AB:36:20480:0,2022-10-19 15:40:02.462,3055
FE:C7:A5:36:EF:E9:AB:36:20480:0,2022-10-19 16:39:58.572,3055
FE:C7:A5:36:EF:E9:AB:36:20480:0,2022-10-19 17:39:58.692,3055
FE:C7:A5:36:EF:E9:AB:36:20480:0,2022-10-19 18:39:59.812,3055
FE:C7:A5:36:EF:E9:AB:36:20480:0,2022-10-19 19:40:00.922,3055
FE:C7:A5:36:EF:E9:AB:36:20480:0,2022-10-19 20:40:00.048,3055
FE:C7:A5:36:EF:E9:AB:36:20480:0,2022-10-19 21:38:01.442,3055
FE:C7:A5:36:EF:E9:AB:36:20480:0,2022-10-19 21:39:59.572,3055
FE:C7:A5:36:EF:E9:AB:36:20480:0,2022-10-19 22:39:59.682,3055
FE:C7:A5:36:EF:E9:AB:36:20480:0,2022-10-19 23:40:05.756,3055
FE:C7:A5:36:EF:E9:AB:36:20480:0,2022-10-20 00:40:02.872,3055
FE:C7:A5:36:EF:E9:AB:36:20480:0,2022-10-20 01:40:00.022,3055
FE:C7:A5:36:EF:E9:AB:36:20480:0,2022-10-20 02:40:02.142,3055
FE:C7:A5:36:EF:E9:AB:36:20480:0,2022-10-20 03:40:00.252,3055
FE:C7:A5:36:EF:E9:AB:36:20480:0,2022-10-20 04:40:02.372,3055
FE:C7:A5:36:EF:E9:AB:36:20480:0,2022-10-20 05:40:00.448,3055
FE:C7:A5:36:EF:E9:AB:36:20480:0,2022-10-20 06:40:02.612,3055
FE:C7:A5:36:EF:E9:AB:36:20480:0,2022-10-20 07:40:01.685,3055
FE:C7:A5:36:EF:E9:AB:36:20480:0,2022-10-20 08:40:03.842,3055
FE:C7:A5:36:EF:E9:AB:36:20480:0,2022-10-20 09:40:01.962,3055
FE:C7:A5:36:EF:E9:AB:36:20480:0,2022-10-20 10:40:10.041,3055
FE:C7:A5:36:EF:E9:AB:36:20480:0,2022-10-20 11:40:01.202,3055
FE:C7:A5:36:EF:E9:AB:36:20480:0,2022-10-20 12:40:02.322,3055
FE:C7:A5:36:EF:E9:AB:36:20480:0,2022-10-20 13:40:01.442,3055
FE:C7:A5:36:EF:E9:AB:36:20480:0,2022-10-20 14:40:07.562,3055
FE:C7:A5:36:EF:E9:AB:36:20480:0,2022-10-20 15:40:05.692,3055
FE:C7:A5:36:EF:E9:AB:36:20480:0,2022-10-20 16:40:01.802,3055
FE:C7:A5:36:EF:E9:AB:36:20480:0,2022-10-20 17:40:01.912,3055
FE:C7:A5:36:EF:E9:AB:36:20480:0,2022-10-20 17:56:58.372,3055
FE:C7:A5:36:EF:E9:AB:36:20480:0,2022-10-20 18:08:58.242,3055
FE:C7:A5:36:EF:E9:AB:36:20480:0,2022-10-20 18:40:01.822,3055
FE:C7:A5:36:EF:E9:AB:36:20480:0,2022-10-20 19:40:02.932,3055
FE:C7:A5:36:EF:E9:AB:36:20480:0,2022-10-20 20:40:05.042,3055
FE:C7:A5:36:EF:E9:AB:36:20480:0,2022-10-20 21:40:02.162,3055
FE:C7:A5:36:EF:E9:AB:36:20480:0,2022-10-20 21:43:05.402,3055
FE:C7:A5:36:EF:E9:AB:36:20480:0,2022-10-20 21:55:03.272,3055
FE:C7:A5:36:EF:E9:AB:36:20480:0,2022-10-20 22:14:04.062,3055
FE:C7:A5:36:EF:E9:AB:36:20480:0,2022-10-20 22:40:02.044,3055
FE:C7:A5:36:EF:E9:AB:36:20480:0,2022-10-20 23:40:02.202,3055
FE:C7:A5:36:EF:E9:AB:36:20480:0,2022-10-21 00:40:02.322,3055
FE:C7:A5:36:EF:E9:AB:36:20480:0,2022-10-21 01:40:02.432,3055
FE:C7:A5:36:EF:E9:AB:36:20480:0,2022-10-21 02:40:03.552,3055
FE:C7:A5:36:EF:E9:AB:36:20480:0,2022-10-21 03:05:04.812,3055
FE:C7:A5:36:EF:E9:AB:36:20480:0,2022-10-21 03:23:58.912,3055
FE:C7:A5:36:EF:E9:AB:36:20480:0,2022-10-21 03:40:04.062,3055
FE:C7:A5:36:EF:E9:AB:36:20480:0,2022-10-21 04:40:08.172,3055
FE:C7:A5:36:EF:E9:AB:36:20480:0,2022-10-21 04:55:00.882,3055
FE:C7:A5:36:EF:E9:AB:36:20480:0,2022-10-21 05:00:01.432,3055
FE:C7:A5:36:EF:E9:AB:36:20480:0,2022-10-21 05:40:06.312,3055
FE:C7:A5:36:EF:E9:AB:36:20480:0,2022-10-21 06:40:08.356,3055
FE:C7:A5:36:EF:E9:AB:36:20480:0,2022-10-21 07:40:10.512,3055
FE:C7:A5:36:EF:E9:AB:36:20480:0,2022-10-21 08:40:03.632,3055
FE:C7:A5:36:EF:E9:AB:36:20480:0,2022-10-21 09:40:04.742,3055
FE:C7:A5:36:EF:E9:AB:36:20480:0,2022-10-21 10:08:30.632,3055
FE:C7:A5:36:EF:E9:AB:36:20480:0,2022-10-21 10:28:01.872,3055
FE:C7:A5:36:EF:E9:AB:36:20480:0,2022-10-21 10:40:06.897,3055
FE:C7:A5:36:EF:E9:AB:36:20480:0,2022-10-21 11:40:07.982,3055
FE:C7:A5:36:EF:E9:AB:36:20480:0,2022-10-21 12:40:12.052,3055
FE:C7:A5:36:EF:E9:AB:36:20480:0,2022-10-21 13:40:11.165,3055
FE:C7:A5:36:EF:E9:AB:36:20480:0,2022-10-21 14:25:57.322,3055
FE:C7:A5:36:EF:E9:AB:36:20480:0,2022-10-21 14:40:11.476,3055
FE:C7:A5:36:EF:E9:AB:36:20480:0,2022-10-21 15:40:05.642,3055
FE:C7:A5:36:EF:E9:AB:36:20480:0,2022-10-21 16:40:08.708,3055
FE:C7:A5:36:EF:E9:AB:36:20480:0,2022-10-21 17:28:07.882,3055
FE:C7:A5:36:EF:E9:AB:36:20480:0,2022-10-21 17:40:06.882,3055
FE:C7:A5:36:EF:E9:AB:36:20480:0,2022-10-21 18:40:05.003,3055
FE:C7:A5:36:EF:E9:AB:36:20480:0,2022-10-21 19:40:06.142,3055
FE:C7:A5:36:EF:E9:AB:36:20480:0,2022-10-21 20:40:06.272,3055
FE:C7:A5:36:EF:E9:AB:36:20480:0,2022-10-21 21:40:07.342,3055
FE:C7:A5:36:EF:E9:AB:36:20480:0,2022-10-21 22:40:08.462,3055
FE:C7:A5:36:EF:E9:AB:36:20480:0,2022-10-21 23:40:06.53,3055
FE:C7:A5:36:EF:E9:AB:36:20480:0,2022-10-22 00:40:05.732,3055
FE:C7:A5:36:EF:E9:AB:36:20480:0,2022-10-22 01:40:05.812,3055
FE:C7:A5:36:EF:E9:AB:36:20480:0,2022-10-22 02:40:06.887,3055
FE:C7:A5:36:EF:E9:AB:36:20480:0,2022-10-22 03:40:06.042,3055
FE:C7:A5:36:EF:E9:AB:36:20480:0,2022-10-22 04:40:09.162,3055
FE:C7:A5:36:EF:E9:AB:36:20480:0,2022-10-22 05:40:10.282,3055
FE:C7:A5:36:EF:E9:AB:36:20480:0,2022-10-22 06:40:08.347,3055
FE:C7:A5:36:EF:E9:AB:36:20480:0,2022-10-22 07:40:07.512,3055
FE:C7:A5:36:EF:E9:AB:36:20480:0,2022-10-22 08:40:06.622,3055
FE:C7:A5:36:EF:E9:AB:36:20480:0,2022-10-22 09:40:06.732,3055
FE:C7:A5:36:EF:E9:AB:36:20480:0,2022-10-22 10:40:08.852,3055
FE:C7:A5:36:EF:E9:AB:36:20480:0,2022-10-22 11:40:06.972,3055
FE:C7:A5:36:EF:E9:AB:36:20480:0,2022-10-22 12:40:09.082,3055
FE:C7:A5:36:EF:E9:AB:36:20480:0,2022-10-22 13:40:08.151,3055
FE:C7:A5:36:EF:E9:AB:36:20480:0,2022-10-22 14:40:09.312,3055
FE:C7:A5:36:EF:E9:AB:36:20480:0,2022-10-22 15:40:08.489,3055
FE:C7:A5:36:EF:E9:AB:36:20480:0,2022-10-22 16:40:09.542,3055
FE:C7:A5:36:EF:E9:AB:36:20480:0,2022-10-22 17:40:15.615,3055
FE:C7:A5:36:EF:E9:AB:36:20480:0,2022-10-22 18:40:07.782,3055
FE:C7:A5:36:EF:E9:AB:36:20480:0,2022-10-22 19:40:07.902,3055
FE:C7:A5:36:EF:E9:AB:36:20480:0,2022-10-22 20:37:28.712,3055
FE:C7:A5:36:EF:E9:AB:36:20480:0,2022-10-22 20:40:09.892,3055
FE:C7:A5:36:EF:E9:AB:36:20480:0,2022-10-22 21:40:08.002,3055
FE:C7:A5:36:EF:E9:AB:36:20480:0,2022-10-22 22:40:10.123,3055
FE:C7:A5:36:EF:E9:AB:36:20480:0,2022-10-22 23:40:08.242,3055
FE:C7:A5:36:EF:E9:AB:36:20480:0,2022-10-23 00:40:08.312,3055
FE:C7:A5:36:EF:E9:AB:36:20480:0,2022-10-23 01:40:09.427,3055
FE:C7:A5:36:EF:E9:AB:36:20480:0,2022-10-23 02:40:09.54,3055
FE:C7:A5:36:EF:E9:AB:36:20480:0,2022-10-23 03:40:08.655,3055
FE:C7:A5:36:EF:E9:AB:36:20480:0,2022-10-23 04:40:08.822,3055
FE:C7:A5:36:EF:E9:AB:36:20480:0,2022-10-23 05:40:08.932,3055
FE:C7:A5:36:EF:E9:AB:36:20480:0,2022-10-23 06:40:10.042,3055
FE:C7:A5:36:EF:E9:AB:36:20480:0,2022-10-23 07:40:11.12,3055
FE:C7:A5:36:EF:E9:AB:36:20480:0,2022-10-23 08:40:09.282,3055
FE:C7:A5:36:EF:E9:AB:36:20480:0,2022-10-23 09:40:09.402,3055
FE:C7:A5:36:EF:E9:AB:36:20480:0,2022-10-23 10:40:09.522,3055
FE:C7:A5:36:EF:E9:AB:36:20480:0,2022-10-23 11:15:59.162,3055
FE:C7:A5:36:EF:E9:AB:36:20480:0,2022-10-23 11:40:09.772,3055
FE:C7:A5:36:EF:E9:AB:36:20480:0,2022-10-23 12:06:13.442,3055
FE:C7:A5:36:EF:E9:AB:36:20480:0,2022-10-23 12:40:12.482,3055
FE:C7:A5:36:EF:E9:AB:36:20480:0,2022-10-23 13:40:09.592,3055
FE:C7:A5:36:EF:E9:AB:36:20480:0,2022-10-23 14:40:09.662,3055
FE:C7:A5:36:EF:E9:AB:36:20480:0,2022-10-23 15:40:09.783,3055
FE:C7:A5:36:EF:E9:AB:36:20480:0,2022-10-23 16:40:13.942,3055
FE:C7:A5:36:EF:E9:AB:36:20480:0,2022-10-23 17:01:03.012,3055
FE:C7:A5:36:EF:E9:AB:36:20480:0,2022-10-23 17:11:12.242,3055
FE:C7:A5:36:EF:E9:AB:36:20480:0,2022-10-23 17:40:12.462,3055
FE:C7:A5:36:EF:E9:AB:36:20480:0,2022-10-23 18:23:07.772,3055
FE:C7:A5:36:EF:E9:AB:36:20480:0,2022-10-23 20:18:11.976,3055
FE:C7:A5:36:EF:E9:AB:36:20480:0,2022-10-23 20:40:18.192,3055
FE:C7:A5:36:EF:E9:AB:36:20480:0,2022-10-23 21:39:36.582,3055
FE:C7:A5:36:EF:E9:AB:36:20480:0,2022-10-23 21:40:13.562,3055
FE:C7:A5:36:EF:E9:AB:36:20480:0,2022-10-23 23:23:14.192,3055
FE:C7:A5:36:EF:E9:AB:36:20480:0,2022-10-24 01:01:21.382,3055
FE:C7:A5:36:EF:E9:AB:36:20480:0,2022-10-24 01:14:04.802,3055
FE:C7:A5:36:EF:E9:AB:36:20480:0,2022-10-24 01:40:20.782,3055
FE:C7:A5:36:EF:E9:AB:36:20480:0,2022-10-24 03:55:27.112,3055
FE:C7:A5:36:EF:E9:AB:36:20480:0,2022-10-24 04:30:18.772,3055
FE:C7:A5:36:EF:E9:AB:36:20480:0,2022-10-24 04:40:17.321,3055
FE:C7:A5:36:EF:E9:AB:36:20480:0,2022-10-24 05:16:02.862,3055
FE:C7:A5:36:EF:E9:AB:36:20480:0,2022-10-24 05:27:29.482,3055
FE:C7:A5:36:EF:E9:AB:36:20480:0,2022-10-24 05:57:04.542,3055
FE:C7:A5:36:EF:E9:AB:36:20480:0,2022-10-24 06:06:09.162,3055
FE:C7:A5:36:EF:E9:AB:36:20480:0,2022-10-24 06:27:04.802,3055
FE:C7:A5:36:EF:E9:AB:36:20480:0,2022-10-24 06:58:11.862,3055
FE:C7:A5:36:EF:E9:AB:36:20480:0,2022-10-24 07:27:01.122,3055
FE:C7:A5:36:EF:E9:AB:36:20480:0,2022-10-24 07:31:05.532,3055
FE:C7:A5:36:EF:E9:AB:36:20480:0,2022-10-24 07:46:03.953,3055
FE:C7:A5:36:EF:E9:AB:36:20480:0,2022-10-24 07:50:57.172,3055
FE:C7:A5:36:EF:E9:AB:36:20480:0,2022-10-24 07:56:01.972,3055
FE:C7:A5:36:EF:E9:AB:36:20480:0,2022-10-24 07:58:04.182,3055
FE:C7:A5:36:EF:E9:AB:36:20480:0,2022-10-24 08:00:03.582,3055
FE:C7:A5:36:EF:E9:AB:36:20480:0,2022-10-24 08:03:02.592,3055
FE:C7:A5:36:EF:E9:AB:36:20480:0,2022-10-24 08:04:12.592,3055
FE:C7:A5:36:EF:E9:AB:36:20480:0,2022-10-24 08:06:01.192,3055
FE:C7:A5:36:EF:E9:AB:36:20480:0,2022-10-24 08:40:12.432,3055
FE:C7:A5:36:EF:E9:AB:36:20480:0,2022-10-24 09:40:12.542,3055
FE:C7:A5:36:EF:E9:AB:36:20480:0,2022-10-24 10:40:12.611,3055
FE:C7:A5:36:EF:E9:AB:36:20480:0,2022-10-24 11:40:12.724,3055
FE:C7:A5:36:EF:E9:AB:36:20480:0,2022-10-24 12:40:12.892,3055
FE:C7:A5:36:EF:E9:AB:36:20480:0,2022-10-24 13:46:04.092,3055
FE:C7:A5:36:EF:E9:AB:36:20480:0,2022-10-24 14:40:16.322,3055
FE:C7:A5:36:EF:E9:AB:36:20480:0,2022-10-24 15:40:15.432,3055
FE:C7:A5:36:EF:E9:AB:36:20480:0,2022-10-24 16:40:15.552,3055
FE:C7:A5:36:EF:E9:AB:36:20480:0,2022-10-24 17:40:14.62,3055
FE:C7:A5:36:EF:E9:AB:36:20480:0,2022-10-24 18:40:13.735,3055
FE:C7:A5:36:EF:E9:AB:36:20480:0,2022-10-24 19:40:13.85,3055
FE:C7:A5:36:EF:E9:AB:36:20480:0,2022-10-24 20:40:13.969,3055
FE:C7:A5:36:EF:E9:AB:36:20480:0,2022-10-24 21:40:17.132,3055
FE:C7:A5:36:EF:E9:AB:36:20480:0,2022-10-24 22:40:14.242,3055
FE:C7:A5:36:EF:E9:AB:36:20480:0,2022-10-24 23:40:14.321,3055
FE:C7:A5:36:EF:E9:AB:36:20480:0,2022-10-25 00:40:14.482,3055
FE:C7:A5:36:EF:E9:AB:36:20480:0,2022-10-25 01:40:15.554,3055
FE:C7:A5:36:EF:E9:AB:36:20480:0,2022-10-25 02:40:15.712,3055
FE:C7:A5:36:EF:E9:AB:36:20480:0,2022-10-25 03:15:31.332,3055
FE:C7:A5:36:EF:E9:AB:36:20480:0,2022-10-25 03:40:22.542,3055
FE:C7:A5:36:EF:E9:AB:36:20480:0,2022-10-25 04:40:18.662,3055
FE:C7:A5:36:EF:E9:AB:36:20480:0,2022-10-25 05:08:34.676,3056
FE:C7:A5:36:EF:E9:AB:36:20480:0,2022-10-25 05:23:04.182,3056
FE:C7:A5:36:EF:E9:AB:36:20480:0,2022-10-25 06:04:05.262,3056
FE:C7:A5:36:EF:E9:AB:36:20480:0,2022-10-25 06:19:12.417,3057
FE:C7:A5:36:EF:E9:AB:36:20480:0,2022-10-25 06:40:21.502,3057
FE:C7:A5:36:EF:E9:AB:36:20480:0,2022-10-25 07:11:59.582,3057
FE:C7:A5:36:EF:E9:AB:36:20480:0,2022-10-25 07:40:21.812,3057
FE:C7:A5:36:EF:E9:AB:36:20480:0,2022-10-25 08:40:17.932,3057
FE:C7:A5:36:EF:E9:AB:36:20480:0,2022-10-25 09:01:00.202,3057
FE:C7:A5:36:EF:E9:AB:36:20480:0,2022-10-25 09:40:15.205,3057
FE:C7:A5:36:EF:E9:AB:36:20480:0,2022-10-25 10:40:16.362,3057
FE:C7:A5:36:EF:E9:AB:36:20480:0,2022-10-25 11:40:15.482,3057
FE:C7:A5:36:EF:E9:AB:36:20480:0,2022-10-25 12:40:15.602,3057
FE:C7:A5:36:EF:E9:AB:36:20480:0,2022-10-25 13:40:15.674,3057
FE:C7:A5:36:EF:E9:AB:36:20480:0,2022-10-25 14:03:11.592,3057
FE:C7:A5:36:EF:E9:AB:36:20480:0,2022-10-25 14:10:13.772,3058
FE:C7:A5:36:EF:E9:AB:36:20480:0,2022-10-25 14:53:08.282,3058
FE:C7:A5:36:EF:E9:AB:36:20480:0,2022-10-25 15:35:03.772,3058
FE:C7:A5:36:EF:E9:AB:36:20480:0,2022-10-25 15:40:16.752,3058
FE:C7:A5:36:EF:E9:AB:36:20480:0,2022-10-25 16:06:30.422,3058
FE:C7:A5:36:EF:E9:AB:36:20480:0,2022-10-25 16:11:02.232,3058
FE:C7:A5:36:EF:E9:AB:36:20480:0,2022-10-25 16:40:18.862,3058
FE:C7:A5:36:EF:E9:AB:36:20480:0,2022-10-25 16:42:16.822,3059
FE:C7:A5:36:EF:E9:AB:36:20480:0,2022-10-25 17:40:22.982,3059
FE:C7:A5:36:EF:E9:AB:36:20480:0,2022-10-25 18:40:16.092,3059
FE:C7:A5:36:EF:E9:AB:36:20480:0,2022-10-25 19:40:16.165,3059
FE:C7:A5:36:EF:E9:AB:36:20480:0,2022-10-25 19:53:20.292,3060
FE:C7:A5:36:EF:E9:AB:36:20480:0,2022-10-25 20:40:16.279,3060
FE:C7:A5:36:EF:E9:AB:36:20480:0,2022-10-25 21:40:16.442,3060
FE:C7:A5:36:EF:E9:AB:36:20480:0,2022-10-25 22:40:17.562,3060
FE:C7:A5:36:EF:E9:AB:36:20480:0,2022-10-25 23:40:17.672,3060
FE:C7:A5:36:EF:E9:AB:36:20480:0,2022-10-26 00:40:17.792,3060
FE:C7:A5:36:EF:E9:AB:36:20480:0,2022-10-26 01:40:17.902,3060
FE:C7:A5:36:EF:E9:AB:36:20480:0,2022-10-26 02:40:21.022,3060
FE:C7:A5:36:EF:E9:AB:36:20480:0,2022-10-26 03:23:32.012,3060
FE:C7:A5:36:EF:E9:AB:36:20480:0,2022-10-26 04:11:02.302,3060
FE:C7:A5:36:EF:E9:AB:36:20480:0,2022-10-26 04:23:58.332,3060
FE:C7:A5:36:EF:E9:AB:36:20480:0,2022-10-26 04:40:17.891,3060
FE:C7:A5:36:EF:E9:AB:36:20480:0,2022-10-26 05:40:20.009,3060
FE:C7:A5:36:EF:E9:AB:36:20480:0,2022-10-26 06:40:19.172,3060
FE:C7:A5:36:EF:E9:AB:36:20480:0,2022-10-26 07:40:19.247,3060
FE:C7:A5:36:EF:E9:AB:36:20480:0,2022-10-26 08:01:00.302,3060
FE:C7:A5:36:EF:E9:AB:36:20480:0,2022-10-26 08:40:22.302,3060
FE:C7:A5:36:EF:E9:AB:36:20480:0,2022-10-26 09:02:19.372,3060
FE:C7:A5:36:EF:E9:AB:36:20480:0,2022-10-26 09:40:20.612,3060
FE:C7:A5:36:EF:E9:AB:36:20480:0,2022-10-26 10:27:00.332,3060
FE:C7:A5:36:EF:E9:AB:36:20480:0,2022-10-26 10:32:00.542,3060
FE:C7:A5:36:EF:E9:AB:36:20480:0,2022-10-26 10:40:13.762,3060
FE:C7:A5:36:EF:E9:AB:36:20480:0,2022-10-26 10:40:23.687,3060
FE:C7:A5:36:EF:E9:AB:36:20480:0,2022-10-26 10:50:06.972,3060
FE:C7:A5:36:EF:E9:AB:36:20480:0,2022-10-26 10:57:19.192,3060
FE:C7:A5:36:EF:E9:AB:36:20480:0,2022-10-26 11:40:18.401,3060
FE:C7:A5:36:EF:E9:AB:36:20480:0,2022-10-26 11:49:57.942,3060
FE:C7:A5:36:EF:E9:AB:36:20480:0,2022-10-26 12:40:23.117,3060
FE:C7:A5:36:EF:E9:AB:36:20480:0,2022-10-26 13:13:47.452,3060
FE:C7:A5:36:EF:E9:AB:36:20480:0,2022-10-26 13:31:31.092,3060
FE:C7:A5:36:EF:E9:AB:36:20480:0,2022-10-26 13:40:22.082,3060
FE:C7:A5:36:EF:E9:AB:36:20480:0,2022-10-26 14:14:44.172,3060
FE:C7:A5:36:EF:E9:AB:36:20480:0,2022-10-26 14:40:23.392,3060
FE:C7:A5:36:EF:E9:AB:36:20480:0,2022-10-26 15:05:06.272,3060
FE:C7:A5:36:EF:E9:AB:36:20480:0,2022-10-26 15:08:28.082,3060
FE:C7:A5:36:EF:E9:AB:36:20480:0,2022-10-26 15:33:16.732,3060
FE:C7:A5:36:EF:E9:AB:36:20480:0,2022-10-26 15:40:27.722,3060
FE:C7:A5:36:EF:E9:AB:36:20480:0,2022-10-26 16:27:02.432,3060
FE:C7:A5:36:EF:E9:AB:36:20480:0,2022-10-26 16:40:24.632,3060
FE:C7:A5:36:EF:E9:AB:36:20480:0,2022-10-26 17:00:19.302,3060
FE:C7:A5:36:EF:E9:AB:36:20480:0,2022-10-26 17:12:02.522,3060
FE:C7:A5:36:EF:E9:AB:36:20480:0,2022-10-26 17:40:21.752,3060
FE:C7:A5:36:EF:E9:AB:36:20480:0,2022-10-26 18:52:25.622,3060
FE:C7:A5:36:EF:E9:AB:36:20480:0,2022-10-26 19:14:33.612,3060
FE:C7:A5:36:EF:E9:AB:36:20480:0,2022-10-26 19:40:22.832,3060
FE:C7:A5:36:EF:E9:AB:36:20480:0,2022-10-26 20:40:20.916,3060
FE:C7:A5:36:EF:E9:AB:36:20480:0,2022-10-26 21:40:20.082,3060
FE:C7:A5:36:EF:E9:AB:36:20480:0,2022-10-26 22:40:21.202,3060
FE:C7:A5:36:EF:E9:AB:36:20480:0,2022-10-26 23:40:25.322,3060
FE:C7:A5:36:EF:E9:AB:36:20480:0,2022-10-27 00:40:22.452,3060
FE:C7:A5:36:EF:E9:AB:36:20480:0,2022-10-27 01:40:22.562,3060
FE:C7:A5:36:EF:E9:AB:36:20480:0,2022-10-27 02:40:22.692,3060
FE:C7:A5:36:EF:E9:AB:36:20480:0,2022-10-27 03:40:21.812,3060
FE:C7:A5:36:EF:E9:AB:36:20480:0,2022-10-27 04:40:22.932,3060
FE:C7:A5:36:EF:E9:AB:36:20480:0,2022-10-27 05:40:21.052,3060
FE:C7:A5:36:EF:E9:AB:36:20480:0,2022-10-27 05:43:06.012,3061
FE:C7:A5:36:EF:E9:AB:36:20480:0,2022-10-27 05:52:56.082,3062
FE:C7:A5:36:EF:E9:AB:36:20480:0,2022-10-27 06:40:21.162,3062
FE:C7:A5:36:EF:E9:AB:36:20480:0,2022-10-27 07:40:26.282,3062
FE:C7:A5:36:EF:E9:AB:36:20480:0,2022-10-27 08:26:59.552,3062
FE:C7:A5:36:EF:E9:AB:36:20480:0,2022-10-27 08:40:21.552,3062
FE:C7:A5:36:EF:E9:AB:36:20480:0,2022-10-27 09:11:02.242,3062
FE:C7:A5:36:EF:E9:AB:36:20480:0,2022-10-27 09:40:21.226,3062
FE:C7:A5:36:EF:E9:AB:36:20480:0,2022-10-27 09:51:02.312,3062
FE:C7:A5:36:EF:E9:AB:36:20480:0,2022-10-27 10:40:23.582,3062
FE:C7:A5:36:EF:E9:AB:36:20480:0,2022-10-27 11:14:59.682,3062
FE:C7:A5:36:EF:E9:AB:36:20480:0,2022-10-27 11:40:27.912,3062
FE:C7:A5:36:EF:E9:AB:36:20480:0,2022-10-27 12:40:26.032,3062
FE:C7:A5:36:EF:E9:AB:36:20480:0,2022-10-27 13:40:00.782,3062
FE:C7:A5:36:EF:E9:AB:36:20480:0,2022-10-27 13:40:26.714,3062
FE:C7:A5:36:EF:E9:AB:36:20480:0,2022-10-27 14:08:43.812,3063
FE:C7:A5:36:EF:E9:AB:36:20480:0,2022-10-27 14:40:26.882,3063
FE:C7:A5:36:EF:E9:AB:36:20480:0,2022-10-27 15:02:01.952,3063
FE:C7:A5:36:EF:E9:AB:36:20480:0,2022-10-27 15:40:21.612,3063
FE:C7:A5:36:EF:E9:AB:36:20480:0,2022-10-27 16:40:24.732,3063
FE:C7:A5:36:EF:E9:AB:36:20480:0,2022-10-27 17:40:22.852,3063
FE:C7:A5:36:EF:E9:AB:36:20480:0,2022-10-27 18:20:00.212,3063
FE:C7:A5:36:EF:E9:AB:36:20480:0,2022-10-27 18:44:09.572,3063
FE:C7:A5:36:EF:E9:AB:36:20480:0,2022-10-27 19:40:23.062,3063
FE:C7:A5:36:EF:E9:AB:36:20480:0,2022-10-27 20:48:05.832,3063
FE:C7:A5:36:EF:E9:AB:36:20480:0,2022-10-27 20:58:14.042,3063
FE:C7:A5:36:EF:E9:AB:36:20480:0,2022-10-27 21:40:23.102,3063
FE:C7:A5:36:EF:E9:AB:36:20480:0,2022-10-27 22:40:32.232,3063
FE:C7:A5:36:EF:E9:AB:36:20480:0,2022-10-27 23:40:25.305,3063
FE:C7:A5:36:EF:E9:AB:36:20480:0,2022-10-28 00:40:24.472,3063
FE:C7:A5:36:EF:E9:AB:36:20480:0,2022-10-28 01:54:04.652,3063
FE:C7:A5:36:EF:E9:AB:36:20480:0,2022-10-28 03:04:04.052,3063
FE:C7:A5:36:EF:E9:AB:36:20480:0,2022-10-28 03:40:26.442,3063
FE:C7:A5:36:EF:E9:AB:36:20480:0,2022-10-28 04:40:26.562,3063
FE:C7:A5:36:EF:E9:AB:36:20480:0,2022-10-28 05:25:21.092,3063
FE:C7:A5:36:EF:E9:AB:36:20480:0,2022-10-28 05:45:00.732,3063
FE:C7:A5:36:EF:E9:AB:36:20480:0,2022-10-28 06:40:23.812,3063
FE:C7:A5:36:EF:E9:AB:36:20480:0,2022-10-28 07:40:28.944,3063
FE:C7:A5:36:EF:E9:AB:36:20480:0,2022-10-28 08:25:13.452,3064
FE:C7:A5:36:EF:E9:AB:36:20480:0,2022-10-28 08:40:25.452,3064
FE:C7:A5:36:EF:E9:AB:36:20480:0,2022-10-28 09:09:05.742,3064
FE:C7:A5:36:EF:E9:AB:36:20480:0,2022-10-28 09:54:03.642,3064
FE:C7:A5:36:EF:E9:AB:36:20480:0,2022-10-28 10:40:28.312,3064
FE:C7:A5:36:EF:E9:AB:36:20480:0,2022-10-28 12:02:02.712,3064
FE:C7:A5:36:EF:E9:AB:36:20480:0,2022-10-28 12:26:36.29,3065
FE:C7:A5:36:EF:E9:AB:36:20480:0,2022-10-28 12:35:02.772,3065
FE:C7:A5:36:EF:E9:AB:36:20480:0,2022-10-28 12:40:31.752,3065
FE:C7:A5:36:EF:E9:AB:36:20480:0,2022-10-28 12:50:38.772,3066
FE:C7:A5:36:EF:E9:AB:36:20480:0,2022-10-28 13:40:24.872,3066
FE:C7:A5:36:EF:E9:AB:36:20480:0,2022-10-28 14:21:03.138,3066
FE:C7:A5:36:EF:E9:AB:36:20480:0,2022-10-28 14:38:01.022,3066
FE:C7:A5:36:EF:E9:AB:36:20480:0,2022-10-28 14:40:26.192,3066
FE:C7:A5:36:EF:E9:AB:36:20480:0,2022-10-28 15:17:24.272,3067
FE:C7:A5:36:EF:E9:AB:36:20480:0,2022-10-28 15:40:25.312,3067
FE:C7:A5:36:EF:E9:AB:36:20480:0,2022-10-28 16:11:43.422,3068
FE:C7:A5:36:EF:E9:AB:36:20480:0,2022-10-28 16:13:33.382,3069
FE:C7:A5:36:EF:E9:AB:36:20480:0,2022-10-28 16:40:26.432,3069
FE:C7:A5:36:EF:E9:AB:36:20480:0,2022-10-28 17:21:20.512,3070
FE:C7:A5:36:EF:E9:AB:36:20480:0,2022-10-28 17:32:47.542,3071
FE:C7:A5:36:EF:E9:AB:36:20480:0,2022-10-28 17:40:26.552,3071
FE:C7:A5:36:EF:E9:AB:36:20480:0,2022-10-28 18:40:26.672,3071
FE:C7:A5:36:EF:E9:AB:36:20480:0,2022-10-28 18:49:03.522,3072
FE:C7:A5:36:EF:E9:AB:36:20480:0,2022-10-28 19:40:25.992,3072
FE:C7:A5:36:EF:E9:AB:36:20480:0,2022-10-28 20:34:53.102,3073
FE:C7:A5:36:EF:E9:AB:36:20480:0,2022-10-28 20:37:46.113,3074
FE:C7:A5:36:EF:E9:AB:36:20480:0,2022-10-28 20:40:35.113,3074
FE:C7:A5:36:EF:E9:AB:36:20480:0,2022-10-28 20:41:25.122,3075
FE:C7:A5:36:EF:E9:AB:36:20480:0,2022-10-28 21:40:25.242,3075
FE:C7:A5:36:EF:E9:AB:36:20480:0,2022-10-28 22:43:02.792,3075
FE:C7:A5:36:EF:E9:AB:36:20480:0,2022-10-28 23:39:04.502,3075
FE:C7:A5:36:EF:E9:AB:36:20480:0,2022-10-28 23:40:30.082,3075
FE:C7:A5:36:EF:E9:AB:36:20480:0,2022-10-28 23:46:12.522,3075
FE:C7:A5:36:EF:E9:AB:36:20480:0,2022-10-29 00:40:26.602,3075
FE:C7:A5:36:EF:E9:AB:36:20480:0,2022-10-29 01:40:27.722,3075
FE:C7:A5:36:EF:E9:AB:36:20480:0,2022-10-29 02:40:26.832,3075
FE:C7:A5:36:EF:E9:AB:36:20480:0,2022-10-29 03:40:28.914,3075
FE:C7:A5:36:EF:E9:AB:36:20480:0,2022-10-29 04:18:04.862,3075
FE:C7:A5:36:EF:E9:AB:36:20480:0,2022-10-29 04:40:31.082,3075
FE:C7:A5:36:EF:E9:AB:36:20480:0,2022-10-29 05:34:13.992,3075
FE:C7:A5:36:EF:E9:AB:36:20480:0,2022-10-29 05:43:36.863,3075
FE:C7:A5:36:EF:E9:AB:36:20480:0,2022-10-29 06:40:27.102,3075
FE:C7:A5:36:EF:E9:AB:36:20480:0,2022-10-29 07:40:30.222,3075
FE:C7:A5:36:EF:E9:AB:36:20480:0,2022-10-29 08:40:29.342,3075
FE:C7:A5:36:EF:E9:AB:36:20480:0,2022-10-29 09:40:32.462,3075
FE:C7:A5:36:EF:E9:AB:36:20480:0,2022-10-29 09:45:04.102,3075
FE:C7:A5:36:EF:E9:AB:36:20480:0,2022-10-29 09:52:00.522,3075
FE:C7:A5:36:EF:E9:AB:36:20480:0,2022-10-29 10:40:32.792,3075
FE:C7:A5:36:EF:E9:AB:36:20480:0,2022-10-29 11:05:06.262,3075
FE:C7:A5:36:EF:E9:AB:36:20480:0,2022-10-29 11:40:29.312,3075
FE:C7:A5:36:EF:E9:AB:36:20480:0,2022-10-29 12:25:17.402,3076
FE:C7:A5:36:EF:E9:AB:36:20480:0,2022-10-29 12:40:28.432,3076
FE:C7:A5:36:EF:E9:AB:36:20480:0,2022-10-29 12:44:53.442,3077
FE:C7:A5:36:EF:E9:AB:36:20480:0,2022-10-29 13:40:27.552,3077
FE:C7:A5:36:EF:E9:AB:36:20480:0,2022-10-29 13:45:57.592,3077
FE:C7:A5:36:EF:E9:AB:36:20480:0,2022-10-29 14:03:33.212,3078
FE:C7:A5:36:EF:E9:AB:36:20480:0,2022-10-29 14:40:27.238,3078
FE:C7:A5:36:EF:E9:AB:36:20480:0,2022-10-29 15:40:30.402,3078
FE:C7:A5:36:EF:E9:AB:36:20480:0,2022-10-29 16:26:21.812,3078
FE:C7:A5:36:EF:E9:AB:36:20480:0,2022-10-29 16:43:57.252,3078
FE:C7:A5:36:EF:E9:AB:36:20480:0,2022-10-29 16:59:19.596,3079
FE:C7:A5:36:EF:E9:AB:36:20480:0,2022-10-29 17:40:27.722,3079
FE:C7:A5:36:EF:E9:AB:36:20480:0,2022-10-29 18:40:29.852,3079
FE:C7:A5:36:EF:E9:AB:36:20480:0,2022-10-29 19:40:35.962,3079
FE:C7:A5:36:EF:E9:AB:36:20480:0,2022-10-29 20:40:28.092,3079
FE:C7:A5:36:EF:E9:AB:36:20480:0,2022-10-29 21:40:28.212,3079
FE:C7:A5:36:EF:E9:AB:36:20480:0,2022-10-29 22:40:29.332,3079
FE:C7:A5:36:EF:E9:AB:36:20480:0,2022-10-29 23:40:28.452,3079
FE:C7:A5:36:EF:E9:AB:36:20480:0,2022-10-30 00:40:28.572,3079
FE:C7:A5:36:EF:E9:AB:36:20480:0,2022-10-30 01:40:28.653,3079
FE:C7:A5:36:EF:E9:AB:36:20480:0,2022-10-30 02:40:29.812,3079
FE:C7:A5:36:EF:E9:AB:36:20480:0,2022-10-30 03:40:29.942,3079
FE:C7:A5:36:EF:E9:AB:36:20480:0,2022-10-30 04:40:33.062,3079
FE:C7:A5:36:EF:E9:AB:36:20480:0,2022-10-30 05:40:30.192,3079
FE:C7:A5:36:EF:E9:AB:36:20480:0,2022-10-30 06:40:30.312,3079
FE:C7:A5:36:EF:E9:AB:36:20480:0,2022-10-30 07:40:30.432,3079
FE:C7:A5:36:EF:E9:AB:36:20480:0,2022-10-30 08:40:29.562,3079
FE:C7:A5:36:EF:E9:AB:36:20480:0,2022-10-30 08:42:02.792,3079
FE:C7:A5:36:EF:E9:AB:36:20480:0,2022-10-30 09:40:31.082,3079
FE:C7:A5:36:EF:E9:AB:36:20480:0,2022-10-30 10:40:31.212,3079
FE:C7:A5:36:EF:E9:AB:36:20480:0,2022-10-30 11:40:30.332,3079
FE:C7:A5:36:EF:E9:AB:36:20480:0,2022-10-30 12:40:31.452,3079
FE:C7:A5:36:EF:E9:AB:36:20480:0,2022-10-30 13:40:30.572,3079
FE:C7:A5:36:EF:E9:AB:36:20480:0,2022-10-30 14:40:31.702,3079
FE:C7:A5:36:EF:E9:AB:36:20480:0,2022-10-30 15:40:41.812,3079
FE:C7:A5:36:EF:E9:AB:36:20480:0,2022-10-30 16:40:30.932,3079
FE:C7:A5:36:EF:E9:AB:36:20480:0,2022-10-30 17:40:32.052,3079
FE:C7:A5:36:EF:E9:AB:36:20480:0,2022-10-30 18:40:31.172,3079
FE:C7:A5:36:EF:E9:AB:36:20480:0,2022-10-30 19:40:35.292,3079
FE:C7:A5:36:EF:E9:AB:36:20480:0,2022-10-30 20:40:32.412,3079
FE:C7:A5:36:EF:E9:AB:36:20480:0,2022-10-30 20:57:00.472,3079
FE:C7:A5:36:EF:E9:AB:36:20480:0,2022-10-30 21:40:31.732,3079
FE:C7:A5:36:EF:E9:AB:36:20480:0,2022-10-30 22:40:34.862,3079
FE:C7:A5:36:EF:E9:AB:36:20480:0,2022-10-30 23:40:36.982,3079
FE:C7:A5:36:EF:E9:AB:36:20480:0,2022-10-31 00:40:32.065,3079
FE:C7:A5:36:EF:E9:AB:36:20480:0,2022-10-31 01:40:34.232,3079
FE:C7:A5:36:EF:E9:AB:36:20480:0,2022-10-31 02:40:34.362,3079
FE:C7:A5:36:EF:E9:AB:36:20480:0,2022-10-31 03:40:32.482,3079
FE:C7:A5:36:EF:E9:AB:36:20480:0,2022-10-31 04:40:33.602,3079
FE:C7:A5:36:EF:E9:AB:36:20480:0,2022-10-31 05:40:33.722,3079
FE:C7:A5:36:EF:E9:AB:36:20480:0,2022-10-31 06:40:36.842,3079
FE:C7:A5:36:EF:E9:AB:36:20480:0,2022-10-31 07:38:01.982,3079
FE:C7:A5:36:EF:E9:AB:36:20480:0,2022-10-31 07:40:35.162,3079
FE:C7:A5:36:EF:E9:AB:36:20480:0,2022-10-31 07:58:56.202,3080
FE:C7:A5:36:EF:E9:AB:36:20480:0,2022-10-31 08:16:49.232,3081
FE:C7:A5:36:EF:E9:AB:36:20480:0,2022-10-31 08:25:56.082,3081
FE:C7:A5:36:EF:E9:AB:36:20480:0,2022-10-31 08:31:05.492,3081
FE:C7:A5:36:EF:E9:AB:36:20480:0,2022-10-31 08:40:33.482,3081
FE:C7:A5:36:EF:E9:AB:36:20480:0,2022-10-31 09:40:35.612,3081
FE:C7:A5:36:EF:E9:AB:36:20480:0,2022-10-31 10:01:57.532,3081
FE:C7:A5:36:EF:E9:AB:36:20480:0,2022-10-31 10:17:06.112,3081
FE:C7:A5:36:EF:E9:AB:36:20480:0,2022-10-31 10:40:34.322,3081
FE:C7:A5:36:EF:E9:AB:36:20480:0,2022-10-31 10:51:16.342,3082
FE:C7:A5:36:EF:E9:AB:36:20480:0,2022-10-31 11:40:40.442,3082
FE:C7:A5:36:EF:E9:AB:36:20480:0,2022-10-31 12:40:34.562,3082
FE:C7:A5:36:EF:E9:AB:36:20480:0,2022-10-31 13:40:33.682,3082
FE:C7:A5:36:EF:E9:AB:36:20480:0,2022-10-31 13:59:59.552,3082
FE:C7:A5:36:EF:E9:AB:36:20480:0,2022-10-31 14:40:33.566,3082
FE:C7:A5:36:EF:E9:AB:36:20480:0,2022-10-31 15:40:33.732,3082
FE:C7:A5:36:EF:E9:AB:36:20480:0,2022-10-31 16:40:33.852,3082
FE:C7:A5:36:EF:E9:AB:36:20480:0,2022-10-31 17:32:28.939,3083
FE:C7:A5:36:EF:E9:AB:36:20480:0,2022-10-31 17:32:28.955,3084
FE:C7:A5:36:EF:E9:AB:36:20480:0,2022-10-31 17:40:34.982,3084
FE:C7:A5:36:EF:E9:AB:36:20480:0,2022-10-31 18:40:34.102,3084
FE:C7:A5:36:EF:E9:AB:36:20480:0,2022-10-31 19:40:35.222,3084
FE:C7:A5:36:EF:E9:AB:36:20480:0,2022-10-31 19:54:00.722,3084
FE:C7:A5:36:EF:E9:AB:36:20480:0,2022-10-31 20:40:39.732,3084
FE:C7:A5:36:EF:E9:AB:36:20480:0,2022-10-31 21:01:03.002,3084
FE:C7:A5:36:EF:E9:AB:36:20480:0,2022-10-31 21:40:43.052,3084
FE:C7:A5:36:EF:E9:AB:36:20480:0,2022-10-31 22:09:58.152,3084
FE:C7:A5:36:EF:E9:AB:36:20480:0,2022-10-31 22:40:35.741,3084
FE:C7:A5:36:EF:E9:AB:36:20480:0,2022-10-31 23:40:35.902,3084
FE:C7:A5:36:EF:E9:AB:36:20480:0,2022-11-01 00:40:35.022,3084
FE:C7:A5:36:EF:E9:AB:36:20480:0,2022-11-01 01:26:58.752,3084
FE:C7:A5:36:EF:E9:AB:36:20480:0,2022-11-01 01:40:37.906,3084
FE:C7:A5:36:EF:E9:AB:36:20480:0,2022-11-01 02:17:03.022,3085
FE:C7:A5:36:EF:E9:AB:36:20480:0,2022-11-01 02:40:37.072,3085
FE:C7:A5:36:EF:E9:AB:36:20480:0,2022-11-01 03:18:01.372,3085
FE:C7:A5:36:EF:E9:AB:36:20480:0,2022-11-01 03:32:59.212,3085
FE:C7:A5:36:EF:E9:AB:36:20480:0,2022-11-01 03:40:35.192,3085
FE:C7:A5:36:EF:E9:AB:36:20480:0,2022-11-01 04:19:57.342,3085
FE:C7:A5:36:EF:E9:AB:36:20480:0,2022-11-01 04:40:35.312,3085
FE:C7:A5:36:EF:E9:AB:36:20480:0,2022-11-01 05:40:35.442,3085
FE:C7:A5:36:EF:E9:AB:36:20480:0,2022-11-01 05:59:04.472,3086
FE:C7:A5:36:EF:E9:AB:36:20480:0,2022-11-01 06:40:36.562,3086
FE:C7:A5:36:EF:E9:AB:36:20480:0,2022-11-01 07:40:35.682,3086
FE:C7:A5:36:EF:E9:AB:36:20480:0,2022-11-01 08:40:35.802,3086
FE:C7:A5:36:EF:E9:AB:36:20480:0,2022-11-01 09:40:35.922,3086
FE:C7:A5:36:EF:E9:AB:36:20480:0,2022-11-01 09:51:01.162,3086
FE:C7:A5:36:EF:E9:AB:36:20480:0,2022-11-01 10:40:39.642,3086
FE:C7:A5:36:EF:E9:AB:36:20480:0,2022-11-01 11:40:36.719,3086
FE:C7:A5:36:EF:E9:AB:36:20480:0,2022-11-01 12:40:36.882,3086
FE:C7:A5:36:EF:E9:AB:36:20480:0,2022-11-01 13:40:41.996,3086
FE:C7:A5:36:EF:E9:AB:36:20480:0,2022-11-01 14:40:37.112,3086
FE:C7:A5:36:EF:E9:AB:36:20480:0,2022-11-01 15:06:39.162,3087
FE:C7:A5:36:EF:E9:AB:36:20480:0,2022-11-01 15:40:37.232,3087
FE:C7:A5:36:EF:E9:AB:36:20480:0,2022-11-01 16:40:37.342,3087
FE:C7:A5:36:EF:E9:AB:36:20480:0,2022-11-01 17:40:38.462,3087
FE:C7:A5:36:EF:E9:AB:36:20480:0,2022-11-01 18:40:37.582,3087
FE:C7:A5:36:EF:E9:AB:36:20480:0,2022-11-01 19:40:37.692,3087
FE:C7:A5:36:EF:E9:AB:36:20480:0,2022-11-01 20:40:37.812,3087
FE:C7:A5:36:EF:E9:AB:36:20480:0,2022-11-01 21:40:37.932,3087
FE:C7:A5:36:EF:E9:AB:36:20480:0,2022-11-01 22:40:39.052,3087
FE:C7:A5:36:EF:E9:AB:36:20480:0,2022-11-01 23:40:38.172,3087
FE:C7:A5:36:EF:E9:AB:36:20480:0,2022-11-02 00:40:39.302,3087
FE:C7:A5:36:EF:E9:AB:36:20480:0,2022-11-02 01:40:38.422,3087
FE:C7:A5:36:EF:E9:AB:36:20480:0,2022-11-02 02:40:42.532,3087
FE:C7:A5:36:EF:E9:AB:36:20480:0,2022-11-02 03:40:39.662,3087
FE:C7:A5:36:EF:E9:AB:36:20480:0,2022-11-02 04:40:38.782,3087
FE:C7:A5:36:EF:E9:AB:36:20480:0,2022-11-02 05:40:39.858,3087
FE:C7:A5:36:EF:E9:AB:36:20480:0,2022-11-02 06:40:42.022,3087
FE:C7:A5:36:EF:E9:AB:36:20480:0,2022-11-02 07:40:39.142,3087
FE:C7:A5:36:EF:E9:AB:36:20480:0,2022-11-02 08:40:39.262,3087
FE:C7:A5:36:EF:E9:AB:36:20480:0,2022-11-02 09:40:42.372,3087
FE:C7:A5:36:EF:E9:AB:36:20480:0,2022-11-02 10:40:41.532,3087
FE:C7:A5:36:EF:E9:AB:36:20480:0,2022-11-02 11:40:40.602,3087
FE:C7:A5:36:EF:E9:AB:36:20480:0,2022-11-02 12:40:41.685,3087
FE:C7:A5:36:EF:E9:AB:36:20480:0,2022-11-02 13:40:40.882,3087
FE:C7:A5:36:EF:E9:AB:36:20480:0,2022-11-02 14:40:41.962,3087
FE:C7:A5:36:EF:E9:AB:36:20480:0,2022-11-02 15:40:41.082,3087
FE:C7:A5:36:EF:E9:AB:36:20480:0,2022-11-02 16:40:40.192,3087
FE:C7:A5:36:EF:E9:AB:36:20480:0,2022-11-02 17:40:42.312,3087
FE:C7:A5:36:EF:E9:AB:36:20480:0,2022-11-02 18:40:40.432,3087
FE:C7:A5:36:EF:E9:AB:36:20480:0,2022-11-02 19:40:40.552,3087
FE:C7:A5:36:EF:E9:AB:36:20480:0,2022-11-02 20:40:40.635,3087
FE:C7:A5:36:EF:E9:AB:36:20480:0,2022-11-02 21:40:44.743,3087
FE:C7:A5:36:EF:E9:AB:36:20480:0,2022-11-02 22:40:40.878,3087
FE:C7:A5:36:EF:E9:AB:36:20480:0,2022-11-02 23:40:41.082,3087
FE:C7:A5:36:EF:E9:AB:36:20480:0,2022-11-03 00:40:44.118,3087
FE:C7:A5:36:EF:E9:AB:36:20480:0,2022-11-03 01:40:48.272,3087
FE:C7:A5:36:EF:E9:AB:36:20480:0,2022-11-03 02:40:41.35,3087
FE:C7:A5:36:EF:E9:AB:36:20480:0,2022-11-03 03:40:42.512,3087
FE:C7:A5:36:EF:E9:AB:36:20480:0,2022-11-03 04:40:42.632,3087
FE:C7:A5:36:EF:E9:AB:36:20480:0,2022-11-03 05:40:41.782,3087
FE:C7:A5:36:EF:E9:AB:36:20480:0,2022-11-03 06:40:41.862,3087
FE:C7:A5:36:EF:E9:AB:36:20480:0,2022-11-03 07:40:44.931,3087
FE:C7:A5:36:EF:E9:AB:36:20480:0,2022-11-03 09:12:44.832,3087
FE:C7:A5:36:EF:E9:AB:36:20480:0,2022-11-03 09:39:57.832,3087
FE:C7:A5:36:EF:E9:AB:36:20480:0,2022-11-03 09:40:47.002,3087
FE:C7:A5:36:EF:E9:AB:36:20480:0,2022-11-03 09:52:19.902,3087
FE:C7:A5:36:EF:E9:AB:36:20480:0,2022-11-03 10:00:59.672,3087
FE:C7:A5:36:EF:E9:AB:36:20480:0,2022-11-03 10:40:41.722,3087
FE:C7:A5:36:EF:E9:AB:36:20480:0,2022-11-03 11:16:18.672,3087
FE:C7:A5:36:EF:E9:AB:36:20480:0,2022-11-03 11:40:43.822,3087
FE:C7:A5:36:EF:E9:AB:36:20480:0,2022-11-03 12:40:43.932,3087
FE:C7:A5:36:EF:E9:AB:36:20480:0,2022-11-03 13:40:43.042,3087
FE:C7:A5:36:EF:E9:AB:36:20480:0,2022-11-03 14:16:55.122,3088
FE:C7:A5:36:EF:E9:AB:36:20480:0,2022-11-03 14:40:44.162,3088
FE:C7:A5:36:EF:E9:AB:36:20480:0,2022-11-03 15:40:42.282,3088
FE:C7:A5:36:EF:E9:AB:36:20480:0,2022-11-03 16:40:43.402,3088
FE:C7:A5:36:EF:E9:AB:36:20480:0,2022-11-03 17:40:42.522,3088
FE:C7:A5:36:EF:E9:AB:36:20480:0,2022-11-03 18:40:43.632,3088
FE:C7:A5:36:EF:E9:AB:36:20480:0,2022-11-03 19:40:43.718,3088
FE:C7:A5:36:EF:E9:AB:36:20480:0,2022-11-03 20:40:42.872,3088
FE:C7:A5:36:EF:E9:AB:36:20480:0,2022-11-03 21:40:42.992,3088
FE:C7:A5:36:EF:E9:AB:36:20480:0,2022-11-03 22:40:44.102,3088
FE:C7:A5:36:EF:E9:AB:36:20480:0,2022-11-03 23:40:43.222,3088
FE:C7:A5:36:EF:E9:AB:36:20480:0,2022-11-04 00:40:50.343,3088
FE:C7:A5:36:EF:E9:AB:36:20480:0,2022-11-04 01:40:48.462,3088
FE:C7:A5:36:EF:E9:AB:36:20480:0,2022-11-04 02:45:30.872,3088
FE:C7:A5:36:EF:E9:AB:36:20480:0,2022-11-04 03:40:54.112,3088
FE:C7:A5:36:EF:E9:AB:36:20480:0,2022-11-04 04:40:48.193,3088
FE:C7:A5:36:EF:E9:AB:36:20480:0,2022-11-04 05:40:46.352,3088
FE:C7:A5:36:EF:E9:AB:36:20480:0,2022-11-04 06:18:52.422,3089
FE:C7:A5:36:EF:E9:AB:36:20480:0,2022-11-04 06:40:45.462,3089
FE:C7:A5:36:EF:E9:AB:36:20480:0,2022-11-04 07:40:48.572,3089
FE:C7:A5:36:EF:E9:AB:36:20480:0,2022-11-04 08:40:45.677,3089
FE:C7:A5:36:EF:E9:AB:36:20480:0,2022-11-04 09:40:44.802,3089
FE:C7:A5:36:EF:E9:AB:36:20480:0,2022-11-04 10:40:45.912,3089
FE:C7:A5:36:EF:E9:AB:36:20480:0,2022-11-04 11:40:49.032,3089
FE:C7:A5:36:EF:E9:AB:36:20480:0,2022-11-04 12:40:45.142,3089
FE:C7:A5:36:EF:E9:AB:36:20480:0,2022-11-04 13:40:45.262,3089
FE:C7:A5:36:EF:E9:AB:36:20480:0,2022-11-04 14:17:58.582,3089
FE:C7:A5:36:EF:E9:AB:36:20480:0,2022-11-04 14:40:48.152,3089
FE:C7:A5:36:EF:E9:AB:36:20480:0,2022-11-04 15:40:45.262,3089
FE:C7:A5:36:EF:E9:AB:36:20480:0,2022-11-04 16:39:11.302,3089
FE:C7:A5:36:EF:E9:AB:36:20480:0,2022-11-04 16:40:45.482,3089
FE:C7:A5:36:EF:E9:AB:36:20480:0,2022-11-04 17:40:50.602,3089
FE:C7:A5:36:EF:E9:AB:36:20480:0,2022-11-04 18:45:05.962,3089
FE:C7:A5:36:EF:E9:AB:36:20480:0,2022-11-04 19:40:47.442,3089
FE:C7:A5:36:EF:E9:AB:36:20480:0,2022-11-04 20:25:02.802,3089
FE:C7:A5:36:EF:E9:AB:36:20480:0,2022-11-04 20:38:14.172,3089
FE:C7:A5:36:EF:E9:AB:36:20480:0,2022-11-04 20:40:47.552,3089
FE:C7:A5:36:EF:E9:AB:36:20480:0,2022-11-04 21:40:46.672,3089
FE:C7:A5:36:EF:E9:AB:36:20480:0,2022-11-04 22:40:46.792,3089
FE:C7:A5:36:EF:E9:AB:36:20480:0,2022-11-05 01:49:15.782,3089
FE:C7:A5:36:EF:E9:AB:36:20480:0,2022-11-05 02:41:59.682,3089
FE:C7:A5:36:EF:E9:AB:36:20480:0,2022-11-05 02:57:19.112,3089
FE:C7:A5:36:EF:E9:AB:36:20480:0,2022-11-05 03:08:03.132,3089
FE:C7:A5:36:EF:E9:AB:36:20480:0,2022-11-05 03:40:46.772,3089
FE:C7:A5:36:EF:E9:AB:36:20480:0,2022-11-05 04:40:51.882,3089
FE:C7:A5:36:EF:E9:AB:36:20480:0,2022-11-05 05:54:02.452,3089
FE:C7:A5:36:EF:E9:AB:36:20480:0,2022-11-05 06:40:47.122,3089
FE:C7:A5:36:EF:E9:AB:36:20480:0,2022-11-05 08:05:19.312,3089
FE:C7:A5:36:EF:E9:AB:36:20480:0,2022-11-05 08:28:00.562,3089
FE:C7:A5:36:EF:E9:AB:36:20480:0,2022-11-05 08:40:47.562,3089
FE:C7:A5:36:EF:E9:AB:36:20480:0,2022-11-05 09:12:13.642,3089
FE:C7:A5:36:EF:E9:AB:36:20480:0,2022-11-05 10:49:00.032,3089
FE:C7:A5:36:EF:E9:AB:36:20480:0,2022-11-05 11:59:59.572,3089
FE:C7:A5:36:EF:E9:AB:36:20480:0,2022-11-05 12:18:25.202,3089
FE:C7:A5:36:EF:E9:AB:36:20480:0,2022-11-05 12:40:55.422,3089
FE:C7:A5:36:EF:E9:AB:36:20480:0,2022-11-05 13:40:49.532,3089
FE:C7:A5:36:EF:E9:AB:36:20480:0,2022-11-05 14:40:57.652,3089
FE:C7:A5:36:EF:E9:AB:36:20480:0,2022-11-05 15:40:47.772,3089
FE:C7:A5:36:EF:E9:AB:36:20480:0,2022-11-05 15:52:29.022,3089
FE:C7:A5:36:EF:E9:AB:36:20480:0,2022-11-05 16:01:02.442,3089
FE:C7:A5:36:EF:E9:AB:36:20480:0,2022-11-05 16:21:04.682,3089
FE:C7:A5:36:EF:E9:AB:36:20480:0,2022-11-05 16:40:50.302,3089
FE:C7:A5:36:EF:E9:AB:36:20480:0,2022-11-05 17:25:47.002,3089
FE:C7:A5:36:EF:E9:AB:36:20480:0,2022-11-05 17:40:49.012,3089
FE:C7:A5:36:EF:E9:AB:36:20480:0,2022-11-05 18:07:26.942,3089
FE:C7:A5:36:EF:E9:AB:36:20480:0,2022-11-05 18:32:18.632,3089
FE:C7:A5:36:EF:E9:AB:36:20480:0,2022-11-05 18:39:57.702,3089
FE:C7:A5:36:EF:E9:AB:36:20480:0,2022-11-05 18:41:15.652,3089
FE:C7:A5:36:EF:E9:AB:36:20480:0,2022-11-05 18:52:42.472,3089
FE:C7:A5:36:EF:E9:AB:36:20480:0,2022-11-05 19:08:01.502,3089
FE:C7:A5:36:EF:E9:AB:36:20480:0,2022-11-05 19:20:59.132,3089
FE:C7:A5:36:EF:E9:AB:36:20480:0,2022-11-05 19:37:08.762,3089
FE:C7:A5:36:EF:E9:AB:36:20480:0,2022-11-05 19:40:48.942,3089
FE:C7:A5:36:EF:E9:AB:36:20480:0,2022-11-05 20:40:52.063,3089
FE:C7:A5:36:EF:E9:AB:36:20480:0,2022-11-05 21:14:59.232,3089
FE:C7:A5:36:EF:E9:AB:36:20480:0,2022-11-05 21:40:56.632,3089
FE:C7:A5:36:EF:E9:AB:36:20480:0,2022-11-05 22:40:49.752,3089
FE:C7:A5:36:EF:E9:AB:36:20480:0,2022-11-05 23:22:04.572,3089
FE:C7:A5:36:EF:E9:AB:36:20480:0,2022-11-05 23:40:49.982,3089
FE:C7:A5:36:EF:E9:AB:36:20480:0,2022-11-06 00:40:49.102,3089
FE:C7:A5:36:EF:E9:AB:36:20480:0,2022-11-06 01:40:49.222,3089
FE:C7:A5:36:EF:E9:AB:36:20480:0,2022-11-06 02:40:49.332,3089
FE:C7:A5:36:EF:E9:AB:36:20480:0,2022-11-06 02:46:58.824,3089
FE:C7:A5:36:EF:E9:AB:36:20480:0,2022-11-06 03:00:04.132,3089
FE:C7:A5:36:EF:E9:AB:36:20480:0,2022-11-06 03:40:56.322,3089
FE:C7:A5:36:EF:E9:AB:36:20480:0,2022-11-06 04:40:51.453,3089
FE:C7:A5:36:EF:E9:AB:36:20480:0,2022-11-06 05:40:54.562,3089
FE:C7:A5:36:EF:E9:AB:36:20480:0,2022-11-06 06:40:52.722,3089
FE:C7:A5:36:EF:E9:AB:36:20480:0,2022-11-06 07:40:52.792,3089
FE:C7:A5:36:EF:E9:AB:36:20480:0,2022-11-06 08:40:54.912,3089
FE:C7:A5:36:EF:E9:AB:36:20480:0,2022-11-06 09:40:50.032,3089
FE:C7:A5:36:EF:E9:AB:36:20480:0,2022-11-06 10:40:51.152,3089
FE:C7:A5:36:EF:E9:AB:36:20480:0,2022-11-06 11:40:51.272,3089
FE:C7:A5:36:EF:E9:AB:36:20480:0,2022-11-06 12:40:50.382,3089
FE:C7:A5:36:EF:E9:AB:36:20480:0,2022-11-06 13:40:51.502,3089
FE:C7:A5:36:EF:E9:AB:36:20480:0,2022-11-06 14:40:50.589,3089
FE:C7:A5:36:EF:E9:AB:36:20480:0,2022-11-06 15:40:51.732,3089
FE:C7:A5:36:EF:E9:AB:36:20480:0,2022-11-06 16:40:51.842,3089
FE:C7:A5:36:EF:E9:AB:36:20480:0,2022-11-06 17:40:58.911,3089
FE:C7:A5:36:EF:E9:AB:36:20480:0,2022-11-06 18:40:51.072,3089
FE:C7:A5:36:EF:E9:AB:36:20480:0,2022-11-06 19:40:52.192,3089
FE:C7:A5:36:EF:E9:AB:36:20480:0,2022-11-06 20:40:58.302,3089
FE:C7:A5:36:EF:E9:AB:36:20480:0,2022-11-06 21:40:52.423,3089
FE:C7:A5:36:EF:E9:AB:36:20480:0,2022-11-06 22:40:56.532,3089
FE:C7:A5:36:EF:E9:AB:36:20480:0,2022-11-06 23:40:52.652,3089
FE:C7:A5:36:EF:E9:AB:36:20480:0,2022-11-07 00:40:56.728,3089
FE:C7:A5:36:EF:E9:AB:36:20480:0,2022-11-07 01:25:30.452,3089
FE:C7:A5:36:EF:E9:AB:36:20480:0,2022-11-07 01:40:52.062,3089
FE:C7:A5:36:EF:E9:AB:36:20480:0,2022-11-07 02:40:52.172,3089
FE:C7:A5:36:EF:E9:AB:36:20480:0,2022-11-07 03:18:13.272,3089
FE:C7:A5:36:EF:E9:AB:36:20480:0,2022-11-07 03:40:53.072,3089
FE:C7:A5:36:EF:E9:AB:36:20480:0,2022-11-07 04:40:53.166,3089
FE:C7:A5:36:EF:E9:AB:36:20480:0,2022-11-07 05:40:59.272,3089
FE:C7:A5:36:EF:E9:AB:36:20480:0,2022-11-07 06:40:54.422,3089
FE:C7:A5:36:EF:E9:AB:36:20480:0,2022-11-07 07:40:55.542,3089
FE:C7:A5:36:EF:E9:AB:36:20480:0,2022-11-07 08:40:52.662,3089
FE:C7:A5:36:EF:E9:AB:36:20480:0,2022-11-07 09:40:53.782,3089
FE:C7:A5:36:EF:E9:AB:36:20480:0,2022-11-07 10:06:01.272,3089
FE:C7:A5:36:EF:E9:AB:36:20480:0,2022-11-07 10:40:54.503,3089
FE:C7:A5:36:EF:E9:AB:36:20480:0,2022-11-07 11:40:53.622,3089
FE:C7:A5:36:EF:E9:AB:36:20480:0,2022-11-07 12:40:54.742,3089
FE:C7:A5:36:EF:E9:AB:36:20480:0,2022-11-07 13:06:15.362,3089
FE:C7:A5:36:EF:E9:AB:36:20480:0,2022-11-07 13:41:00.304,3089
FE:C7:A5:36:EF:E9:AB:36:20480:0,2022-11-07 14:40:56.462,3089
FE:C7:A5:36:EF:E9:AB:36:20480:0,2022-11-07 15:40:53.572,3089
FE:C7:A5:36:EF:E9:AB:36:20480:0,2022-11-07 16:40:53.692,3089
FE:C7:A5:36:EF:E9:AB:36:20480:0,2022-11-07 17:40:53.802,3089
FE:C7:A5:36:EF:E9:AB:36:20480:0,2022-11-07 18:20:57.282,3089
FE:C7:A5:36:EF:E9:AB:36:20480:0,2022-11-07 18:41:57.512,3089
FE:C7:A5:36:EF:E9:AB:36:20480:0,2022-11-07 19:40:56.802,3089
FE:C7:A5:36:EF:E9:AB:36:20480:0,2022-11-07 20:40:55.922,3089
FE:C7:A5:36:EF:E9:AB:36:20480:0,2022-11-07 21:41:02.042,3089
FE:C7:A5:36:EF:E9:AB:36:20480:0,2022-11-07 22:25:57.152,3089
FE:C7:A5:36:EF:E9:AB:36:20480:0,2022-11-07 22:40:58.152,3089
FE:C7:A5:36:EF:E9:AB:36:20480:0,2022-11-07 23:40:56.274,3089
FE:C7:A5:36:EF:E9:AB:36:20480:0,2022-11-07 23:56:28.518,3089
FE:C7:A5:36:EF:E9:AB:36:20480:0,2022-11-08 00:13:02.392,3089
FE:C7:A5:36:EF:E9:AB:36:20480:0,2022-11-08 00:40:59.812,3089
FE:C7:A5:36:EF:E9:AB:36:20480:0,2022-11-08 01:40:54.922,3089
FE:C7:A5:36:EF:E9:AB:36:20480:0,2022-11-08 02:40:56.042,3089
FE:C7:A5:36:EF:E9:AB:36:20480:0,2022-11-08 03:40:55.162,3089
FE:C7:A5:36:EF:E9:AB:36:20480:0,2022-11-08 04:40:59.282,3089
FE:C7:A5:36:EF:E9:AB:36:20480:0,2022-11-08 05:40:55.402,3089
FE:C7:A5:36:EF:E9:AB:36:20480:0,2022-11-08 06:40:55.47,3089
FE:C7:A5:36:EF:E9:AB:36:20480:0,2022-11-08 07:08:13.392,3089
FE:C7:A5:36:EF:E9:AB:36:20480:0,2022-11-08 07:42:02.872,3089
FE:C7:A5:36:EF:E9:AB:36:20480:0,2022-11-08 07:57:06.292,3089
FE:C7:A5:36:EF:E9:AB:36:20480:0,2022-11-08 08:11:59.572,3089
FE:C7:A5:36:EF:E9:AB:36:20480:0,2022-11-08 08:41:03.542,3089
FE:C7:A5:36:EF:E9:AB:36:20480:0,2022-11-08 09:36:09.682,3089
FE:C7:A5:36:EF:E9:AB:36:20480:0,2022-11-08 09:40:55.862,3089
FE:C7:A5:36:EF:E9:AB:36:20480:0,2022-11-08 10:40:57.982,3089
FE:C7:A5:36:EF:E9:AB:36:20480:0,2022-11-08 11:40:57.102,3089
FE:C7:A5:36:EF:E9:AB:36:20480:0,2022-11-08 12:41:02.223,3089
FE:C7:A5:36:EF:E9:AB:36:20480:0,2022-11-08 13:40:56.342,3089
FE:C7:A5:36:EF:E9:AB:36:20480:0,2022-11-08 14:40:58.462,3089
FE:C7:A5:36:EF:E9:AB:36:20480:0,2022-11-08 15:40:58.582,3089
FE:C7:A5:36:EF:E9:AB:36:20480:0,2022-11-08 16:40:56.692,3089
FE:C7:A5:36:EF:E9:AB:36:20480:0,2022-11-08 17:40:59.802,3089
FE:C7:A5:36:EF:E9:AB:36:20480:0,2022-11-08 18:40:56.922,3089
FE:C7:A5:36:EF:E9:AB:36:20480:0,2022-11-08 19:40:57.033,3089
FE:C7:A5:36:EF:E9:AB:36:20480:0,2022-11-08 20:40:58.152,3089
FE:C7:A5:36:EF:E9:AB:36:20480:0,2022-11-08 21:01:52.412,3089
FE:C7:A5:36:EF:E9:AB:36:20480:0,2022-11-08 21:40:58.216,3089
FE:C7:A5:36:EF:E9:AB:36:20480:0,2022-11-08 22:40:57.372,3089
FE:C7:A5:36:EF:E9:AB:36:20480:0,2022-11-08 23:40:57.502,3089
FE:C7:A5:36:EF:E9:AB:36:20480:0,2022-11-09 00:40:58.622,3089
FE:C7:A5:36:EF:E9:AB:36:20480:0,2022-11-09 01:41:03.732,3089
FE:C7:A5:36:EF:E9:AB:36:20480:0,2022-11-09 02:41:00.807,3089
FE:C7:A5:36:EF:E9:AB:36:20480:0,2022-11-09 03:40:57.972,3089
FE:C7:A5:36:EF:E9:AB:36:20480:0,2022-11-09 04:40:58.292,3089
FE:C7:A5:36:EF:E9:AB:36:20480:0,2022-11-09 04:41:00.322,3089
FE:C7:A5:36:EF:E9:AB:36:20480:0,2022-11-09 05:40:59.773,3089
FE:C7:A5:36:EF:E9:AB:36:20480:0,2022-11-09 06:39:48.932,3090
FE:C7:A5:36:EF:E9:AB:36:20480:0,2022-11-09 06:41:00.932,3090
FE:C7:A5:36:EF:E9:AB:36:20480:0,2022-11-09 07:40:59.042,3090
FE:C7:A5:36:EF:E9:AB:36:20480:0,2022-11-09 08:41:02.162,3090
FE:C7:A5:36:EF:E9:AB:36:20480:0,2022-11-09 09:40:59.272,3090
FE:C7:A5:36:EF:E9:AB:36:20480:0,2022-11-09 10:40:59.392,3090
FE:C7:A5:36:EF:E9:AB:36:20480:0,2022-11-09 11:41:01.512,3090
FE:C7:A5:36:EF:E9:AB:36:20480:0,2022-11-09 12:03:01.792,3090
FE:C7:A5:36:EF:E9:AB:36:20480:0,2022-11-09 12:41:04.832,3090
FE:C7:A5:36:EF:E9:AB:36:20480:0,2022-11-09 13:33:01.962,3090
FE:C7:A5:36:EF:E9:AB:36:20480:0,2022-11-09 13:34:20.942,3091
FE:C7:A5:36:EF:E9:AB:36:20480:0,2022-11-09 13:41:03.952,3091
FE:C7:A5:36:EF:E9:AB:36:20480:0,2022-11-09 14:41:01.031,3091
FE:C7:A5:36:EF:E9:AB:36:20480:0,2022-11-09 15:41:00.154,3091
FE:C7:A5:36:EF:E9:AB:36:20480:0,2022-11-09 16:41:03.313,3091
FE:C7:A5:36:EF:E9:AB:36:20480:0,2022-11-09 17:41:01.432,3091
FE:C7:A5:36:EF:E9:AB:36:20480:0,2022-11-09 18:16:34.502,3092
FE:C7:A5:36:EF:E9:AB:36:20480:0,2022-11-09 18:41:03.552,3092
FE:C7:A5:36:EF:E9:AB:36:20480:0,2022-11-09 19:41:00.672,3092
FE:C7:A5:36:EF:E9:AB:36:20480:0,2022-11-09 20:41:01.792,3092
FE:C7:A5:36:EF:E9:AB:36:20480:0,2022-11-09 21:04:57.802,3092
FE:C7:A5:36:EF:E9:AB:36:20480:0,2022-11-09 21:41:02.242,3092
FE:C7:A5:36:EF:E9:AB:36:20480:0,2022-11-09 22:41:00.362,3092
FE:C7:A5:36:EF:E9:AB:36:20480:0,2022-11-09 23:41:00.482,3092
FE:C7:A5:36:EF:E9:AB:36:20480:0,2022-11-10 00:41:00.602,3092
FE:C7:A5:36:EF:E9:AB:36:20480:0,2022-11-10 01:51:01.102,3092
FE:C7:A5:36:EF:E9:AB:36:20480:0,2022-11-10 02:41:04.772,3092
FE:C7:A5:36:EF:E9:AB:36:20480:0,2022-11-10 03:41:02.892,3092
FE:C7:A5:36:EF:E9:AB:36:20480:0,2022-11-10 04:41:03.012,3092
FE:C7:A5:36:EF:E9:AB:36:20480:0,2022-11-10 05:41:04.132,3092
FE:C7:A5:36:EF:E9:AB:36:20480:0,2022-11-10 06:41:05.252,3092
FE:C7:A5:36:EF:E9:AB:36:20480:0,2022-11-10 07:41:06.372,3092
FE:C7:A5:36:EF:E9:AB:36:20480:0,2022-11-10 08:41:02.482,3092
FE:C7:A5:36:EF:E9:AB:36:20480:0,2022-11-10 09:41:02.602,3092
FE:C7:A5:36:EF:E9:AB:36:20480:0,2022-11-10 10:41:01.722,3092
FE:C7:A5:36:EF:E9:AB:36:20480:0,2022-11-10 11:41:05.882,3092
FE:C7:A5:36:EF:E9:AB:36:20480:0,2022-11-10 12:41:03.972,3092
FE:C7:A5:36:EF:E9:AB:36:20480:0,2022-11-10 13:41:02.082,3092
FE:C7:A5:36:EF:E9:AB:36:20480:0,2022-11-10 14:41:03.212,3092
FE:C7:A5:36:EF:E9:AB:36:20480:0,2022-11-10 15:29:16.262,3093
FE:C7:A5:36:EF:E9:AB:36:20480:0,2022-11-10 15:41:05.332,3093
FE:C7:A5:36:EF:E9:AB:36:20480:0,2022-11-10 16:34:59.662,3093
FE:C7:A5:36:EF:E9:AB:36:20480:0,2022-11-10 16:41:06.252,3093
FE:C7:A5:36:EF:E9:AB:36:20480:0,2022-11-10 16:58:04.712,3093
FE:C7:A5:36:EF:E9:AB:36:20480:0,2022-11-10 17:19:43.812,3093
FE:C7:A5:36:EF:E9:AB:36:20480:0,2022-11-10 17:41:06.782,3093
FE:C7:A5:36:EF:E9:AB:36:20480:0,2022-11-10 17:54:59.032,3093
FE:C7:A5:36:EF:E9:AB:36:20480:0,2022-11-10 18:41:07.102,3093
FE:C7:A5:36:EF:E9:AB:36:20480:0,2022-11-10 19:41:06.222,3093
FE:C7:A5:36:EF:E9:AB:36:20480:0,2022-11-10 20:41:08.342,3093
FE:C7:A5:36:EF:E9:AB:36:20480:0,2022-11-10 21:41:05.462,3093
FE:C7:A5:36:EF:E9:AB:36:20480:0,2022-11-10 22:41:04.582,3093
FE:C7:A5:36:EF:E9:AB:36:20480:0,2022-11-10 23:41:07.712,3093
FE:C7:A5:36:EF:E9:AB:36:20480:0,2022-11-11 00:41:04.788,3093
FE:C7:A5:36:EF:E9:AB:36:20480:0,2022-11-11 01:41:03.952,3093
FE:C7:A5:36:EF:E9:AB:36:20480:0,2022-11-11 02:41:06.072,3093
FE:C7:A5:36:EF:E9:AB:36:20480:0,2022-11-11 03:41:05.192,3093
FE:C7:A5:36:EF:E9:AB:36:20480:0,2022-11-11 04:41:04.312,3093
FE:C7:A5:36:EF:E9:AB:36:20480:0,2022-11-11 05:40:03.383,3094
FE:C7:A5:36:EF:E9:AB:36:20480:0,2022-11-11 05:41:04.432,3094
FE:C7:A5:36:EF:E9:AB:36:20480:0,2022-11-11 06:41:05.552,3094
FE:C7:A5:36:EF:E9:AB:36:20480:0,2022-11-11 07:41:10.662,3094
FE:C7:A5:36:EF:E9:AB:36:20480:0,2022-11-11 08:41:04.782,3094
FE:C7:A5:36:EF:E9:AB:36:20480:0,2022-11-11 09:41:11.902,3094
FE:C7:A5:36:EF:E9:AB:36:20480:0,2022-11-11 10:41:08.032,3094
FE:C7:A5:36:EF:E9:AB:36:20480:0,2022-11-11 11:15:07.332,3094
FE:C7:A5:36:EF:E9:AB:36:20480:0,2022-11-11 11:41:07.352,3094
FE:C7:A5:36:EF:E9:AB:36:20480:0,2022-11-11 12:22:05.462,3094
FE:C7:A5:36:EF:E9:AB:36:20480:0,2022-11-11 12:41:04.872,3094
FE:C7:A5:36:EF:E9:AB:36:20480:0,2022-11-11 13:41:04.982,3094
FE:C7:A5:36:EF:E9:AB:36:20480:0,2022-11-11 14:41:06.102,3094
FE:C7:A5:36:EF:E9:AB:36:20480:0,2022-11-11 15:41:05.222,3094
FE:C7:A5:36:EF:E9:AB:36:20480:0,2022-11-11 16:00:58.262,3094
FE:C7:A5:36:EF:E9:AB:36:20480:0,2022-11-11 16:19:01.102,3094
FE:C7:A5:36:EF:E9:AB:36:20480:0,2022-11-11 16:37:01.639,3094
FE:C7:A5:36:EF:E9:AB:36:20480:0,2022-11-11 16:41:05.262,3094
FE:C7:A5:36:EF:E9:AB:36:20480:0,2022-11-11 17:41:05.372,3094
FE:C7:A5:36:EF:E9:AB:36:20480:0,2022-11-11 18:41:05.492,3094
FE:C7:A5:36:EF:E9:AB:36:20480:0,2022-11-11 19:41:06.604,3094
FE:C7:A5:36:EF:E9:AB:36:20480:0,2022-11-11 19:57:02.632,3095
FE:C7:A5:36:EF:E9:AB:36:20480:0,2022-11-11 20:41:05.677,3095
FE:C7:A5:36:EF:E9:AB:36:20480:0,2022-11-11 21:41:07.842,3095
FE:C7:A5:36:EF:E9:AB:36:20480:0,2022-11-11 22:41:05.91,3095
FE:C7:A5:36:EF:E9:AB:36:20480:0,2022-11-11 23:41:07.072,3095
FE:C7:A5:36:EF:E9:AB:36:20480:0,2022-11-12 00:41:07.14,3095
FE:C7:A5:36:EF:E9:AB:36:20480:0,2022-11-12 01:41:07.302,3095
FE:C7:A5:36:EF:E9:AB:36:20480:0,2022-11-12 02:41:09.371,3095
FE:C7:A5:36:EF:E9:AB:36:20480:0,2022-11-12 03:41:07.542,3095
FE:C7:A5:36:EF:E9:AB:36:20480:0,2022-11-12 04:41:13.662,3095
FE:C7:A5:36:EF:E9:AB:36:20480:0,2022-11-12 05:41:07.782,3095
FE:C7:A5:36:EF:E9:AB:36:20480:0,2022-11-12 06:41:09.892,3095
FE:C7:A5:36:EF:E9:AB:36:20480:0,2022-11-12 07:24:15.982,3096
FE:C7:A5:36:EF:E9:AB:36:20480:0,2022-11-12 07:41:11.012,3096
FE:C7:A5:36:EF:E9:AB:36:20480:0,2022-11-12 08:41:08.122,3096
FE:C7:A5:36:EF:E9:AB:36:20480:0,2022-11-12 09:41:11.242,3096
FE:C7:A5:36:EF:E9:AB:36:20480:0,2022-11-12 10:41:08.352,3096
FE:C7:A5:36:EF:E9:AB:36:20480:0,2022-11-12 11:41:12.427,3096
FE:C7:A5:36:EF:E9:AB:36:20480:0,2022-11-12 11:44:56.482,3097
FE:C7:A5:36:EF:E9:AB:36:20480:0,2022-11-12 12:41:08.582,3097
FE:C7:A5:36:EF:E9:AB:36:20480:0,2022-11-12 12:48:48.58,3098
FE:C7:A5:36:EF:E9:AB:36:20480:0,2022-11-12 12:48:48.595,3099
FE:C7:A5:36:EF:E9:AB:36:20480:0,2022-11-12 13:41:07.702,3099
FE:C7:A5:36:EF:E9:AB:36:20480:0,2022-11-12 13:52:00.352,3099
FE:C7:A5:36:EF:E9:AB:36:20480:0,2022-11-12 14:32:02.592,3100
FE:C7:A5:36:EF:E9:AB:36:20480:0,2022-11-12 14:32:05.55,3101
FE:C7:A5:36:EF:E9:AB:36:20480:0,2022-11-12 14:41:08.567,3101
FE:C7:A5:36:EF:E9:AB:36:20480:0,2022-11-12 15:41:10.732,3101
FE:C7:A5:36:EF:E9:AB:36:20480:0,2022-11-12 16:41:08.797,3101
FE:C7:A5:36:EF:E9:AB:36:20480:0,2022-11-12 17:41:09.952,3101
FE:C7:A5:36:EF:E9:AB:36:20480:0,2022-11-12 18:41:11.072,3101
FE:C7:A5:36:EF:E9:AB:36:20480:0,2022-11-12 19:41:12.137,3101
FE:C7:A5:36:EF:E9:AB:36:20480:0,2022-11-12 20:16:59.682,3101
FE:C7:A5:36:EF:E9:AB:36:20480:0,2022-11-12 20:41:11.327,3101
FE:C7:A5:36:EF:E9:AB:36:20480:0,2022-11-12 21:15:18.362,3102
FE:C7:A5:36:EF:E9:AB:36:20480:0,2022-11-12 21:41:11.412,3102
FE:C7:A5:36:EF:E9:AB:36:20480:0,2022-11-12 22:21:47.492,3103
FE:C7:A5:36:EF:E9:AB:36:20480:0,2022-11-12 22:21:50.449,3104
FE:C7:A5:36:EF:E9:AB:36:20480:0,2022-11-12 22:41:10.484,3104
FE:C7:A5:36:EF:E9:AB:36:20480:0,2022-11-12 23:41:10.603,3104
FE:C7:A5:36:EF:E9:AB:36:20480:0,2022-11-13 00:41:10.762,3104
FE:C7:A5:36:EF:E9:AB:36:20480:0,2022-11-13 01:19:59.793,3105
FE:C7:A5:36:EF:E9:AB:36:20480:0,2022-11-13 01:20:02.842,3106
FE:C7:A5:36:EF:E9:AB:36:20480:0,2022-11-13 01:41:10.882,3106
FE:C7:A5:36:EF:E9:AB:36:20480:0,2022-11-13 02:41:12.992,3106
FE:C7:A5:36:EF:E9:AB:36:20480:0,2022-11-13 03:30:41.058,3107
FE:C7:A5:36:EF:E9:AB:36:20480:0,2022-11-13 03:30:49.092,3108
FE:C7:A5:36:EF:E9:AB:36:20480:0,2022-11-13 03:41:13.112,3108
FE:C7:A5:36:EF:E9:AB:36:20480:0,2022-11-13 04:41:13.222,3108
FE:C7:A5:36:EF:E9:AB:36:20480:0,2022-11-13 05:41:13.296,3108
FE:C7:A5:36:EF:E9:AB:36:20480:0,2022-11-13 06:41:11.452,3108
FE:C7:A5:36:EF:E9:AB:36:20480:0,2022-11-13 07:01:53.309,3108
FE:C7:A5:36:EF:E9:AB:36:20480:0,2022-11-13 07:18:00.782,3108
FE:C7:A5:36:EF:E9:AB:36:20480:0,2022-11-13 07:41:18.792,3108
FE:C7:A5:36:EF:E9:AB:36:20480:0,2022-11-13 07:44:02.822,3108
FE:C7:A5:36:EF:E9:AB:36:20480:0,2022-11-13 07:51:57.702,3108
FE:C7:A5:36:EF:E9:AB:36:20480:0,2022-11-13 08:31:57.712,3108
FE:C7:A5:36:EF:E9:AB:36:20480:0,2022-11-13 08:41:10.302,3108
FE:C7:A5:36:EF:E9:AB:36:20480:0,2022-11-13 09:41:12.376,3108
FE:C7:A5:36:EF:E9:AB:36:20480:0,2022-11-13 09:45:03.452,3108
FE:C7:A5:36:EF:E9:AB:36:20480:0,2022-11-13 10:41:11.132,3108
FE:C7:A5:36:EF:E9:AB:36:20480:0,2022-11-13 11:41:14.252,3108
FE:C7:A5:36:EF:E9:AB:36:20480:0,2022-11-13 11:49:17.942,3108
FE:C7:A5:36:EF:E9:AB:36:20480:0,2022-11-13 12:08:09.102,3109
FE:C7:A5:36:EF:E9:AB:36:20480:0,2022-11-13 12:41:13.127,3109
FE:C7:A5:36:EF:E9:AB:36:20480:0,2022-11-13 13:37:57.262,3109
FE:C7:A5:36:EF:E9:AB:36:20480:0,2022-11-13 13:41:13.442,3109
FE:C7:A5:36:EF:E9:AB:36:20480:0,2022-11-13 14:41:11.52,3109
FE:C7:A5:36:EF:E9:AB:36:20480:0,2022-11-13 15:41:12.682,3109
FE:C7:A5:36:EF:E9:AB:36:20480:0,2022-11-13 16:41:11.802,3109
FE:C7:A5:36:EF:E9:AB:36:20480:0,2022-11-13 17:41:11.873,3109
FE:C7:A5:36:EF:E9:AB:36:20480:0,2022-11-13 18:41:13.032,3109
FE:C7:A5:36:EF:E9:AB:36:20480:0,2022-11-13 19:41:12.101,3109
FE:C7:A5:36:EF:E9:AB:36:20480:0,2022-11-13 20:41:12.262,3109
FE:C7:A5:36:EF:E9:AB:36:20480:0,2022-11-13 20:41:32.221,3110
FE:C7:A5:36:EF:E9:AB:36:20480:0,2022-11-13 20:44:48.272,3111
FE:C7:A5:36:EF:E9:AB:36:20480:0,2022-11-13 20:45:06.229,3112
FE:C7:A5:36:EF:E9:AB:36:20480:0,2022-11-13 21:41:12.382,3112
FE:C7:A5:36:EF:E9:AB:36:20480:0,2022-11-13 22:41:12.497,3112
FE:C7:A5:36:EF:E9:AB:36:20480:0,2022-11-13 23:41:12.612,3112
FE:C7:A5:36:EF:E9:AB:36:20480:0,2022-11-14 00:41:13.732,3112
FE:C7:A5:36:EF:E9:AB:36:20480:0,2022-11-14 01:41:12.852,3112
FE:C7:A5:36:EF:E9:AB:36:20480:0,2022-11-14 02:45:08.452,3112
FE:C7:A5:36:EF:E9:AB:36:20480:0,2022-11-14 03:41:13.683,3112
FE:C7:A5:36:EF:E9:AB:36:20480:0,2022-11-14 04:41:13.842,3112
FE:C7:A5:36:EF:E9:AB:36:20480:0,2022-11-14 05:41:12.962,3112
FE:C7:A5:36:EF:E9:AB:36:20480:0,2022-11-14 06:28:28.052,3113
FE:C7:A5:36:EF:E9:AB:36:20480:0,2022-11-14 06:40:05.382,3113
FE:C7:A5:36:EF:E9:AB:36:20480:0,2022-11-14 06:41:13.512,3113
FE:C7:A5:36:EF:E9:AB:36:20480:0,2022-11-14 07:41:14.622,3113
FE:C7:A5:36:EF:E9:AB:36:20480:0,2022-11-14 07:57:24.652,3114
FE:C7:A5:36:EF:E9:AB:36:20480:0,2022-11-14 08:41:14.686,3114
FE:C7:A5:36:EF:E9:AB:36:20480:0,2022-11-14 09:41:13.842,3114
FE:C7:A5:36:EF:E9:AB:36:20480:0,2022-11-14 10:41:13.962,3114
FE:C7:A5:36:EF:E9:AB:36:20480:0,2022-11-14 11:41:16.072,3114
FE:C7:A5:36:EF:E9:AB:36:20480:0,2022-11-14 12:41:14.192,3114
FE:C7:A5:36:EF:E9:AB:36:20480:0,2022-11-14 13:41:14.302,3114
FE:C7:A5:36:EF:E9:AB:36:20480:0,2022-11-14 13:42:40.312,3115
FE:C7:A5:36:EF:E9:AB:36:20480:0,2022-11-14 14:41:15.432,3115
FE:C7:A5:36:EF:E9:AB:36:20480:0,2022-11-14 15:41:14.494,3115
FE:C7:A5:36:EF:E9:AB:36:20480:0,2022-11-14 16:41:16.608,3115
FE:C7:A5:36:EF:E9:AB:36:20480:0,2022-11-14 17:07:56.702,3116
FE:C7:A5:36:EF:E9:AB:36:20480:0,2022-11-14 17:07:58.744,3117
FE:C7:A5:36:EF:E9:AB:36:20480:0,2022-11-14 17:41:20.772,3117
FE:C7:A5:36:EF:E9:AB:36:20480:0,2022-11-14 18:41:16.882,3117
FE:C7:A5:36:EF:E9:AB:36:20480:0,2022-11-14 19:19:06.952,3118
FE:C7:A5:36:EF:E9:AB:36:20480:0,2022-11-14 19:41:15.002,3118
FE:C7:A5:36:EF:E9:AB:36:20480:0,2022-11-14 20:41:15.112,3118
FE:C7:A5:36:EF:E9:AB:36:20480:0,2022-11-14 21:17:42.159,3119
FE:C7:A5:36:EF:E9:AB:36:20480:0,2022-11-14 21:17:45.202,3120
FE:C7:A5:36:EF:E9:AB:36:20480:0,2022-11-14 21:41:23.232,3120
FE:C7:A5:36:EF:E9:AB:36:20480:0,2022-11-14 22:41:15.342,3120
FE:C7:A5:36:EF:E9:AB:36:20480:0,2022-11-14 23:09:59.082,3120
FE:C7:A5:36:EF:E9:AB:36:20480:0,2022-11-14 23:41:22.262,3120
FE:C7:A5:36:EF:E9:AB:36:20480:0,2022-11-15 00:12:57.602,3120
FE:C7:A5:36:EF:E9:AB:36:20480:0,2022-11-15 00:41:19.182,3120
FE:C7:A5:36:EF:E9:AB:36:20480:0,2022-11-15 01:08:12.232,3121
FE:C7:A5:36:EF:E9:AB:36:20480:0,2022-11-15 01:41:17.252,3121
FE:C7:A5:36:EF:E9:AB:36:20480:0,2022-11-15 02:41:19.368,3121
FE:C7:A5:36:EF:E9:AB:36:20480:0,2022-11-15 03:41:18.532,3121
FE:C7:A5:36:EF:E9:AB:36:20480:0,2022-11-15 04:40:34.604,3122
FE:C7:A5:36:EF:E9:AB:36:20480:0,2022-11-15 04:41:15.652,3122
FE:C7:A5:36:EF:E9:AB:36:20480:0,2022-11-15 05:41:15.762,3122
FE:C7:A5:36:EF:E9:AB:36:20480:0,2022-11-15 06:31:43.862,3123
FE:C7:A5:36:EF:E9:AB:36:20480:0,2022-11-15 06:41:17.836,3123
FE:C7:A5:36:EF:E9:AB:36:20480:0,2022-11-15 08:03:00.672,3123
FE:C7:A5:36:EF:E9:AB:36:20480:0,2022-11-15 08:41:15.868,3123
FE:C7:A5:36:EF:E9:AB:36:20480:0,2022-11-15 09:35:01.637,3123
FE:C7:A5:36:EF:E9:AB:36:20480:0,2022-11-15 09:41:16.832,3123
FE:C7:A5:36:EF:E9:AB:36:20480:0,2022-11-15 10:10:56.363,3123
FE:C7:A5:36:EF:E9:AB:36:20480:0,2022-11-15 10:37:57.162,3123
FE:C7:A5:36:EF:E9:AB:36:20480:0,2022-11-15 10:41:21.332,3123
FE:C7:A5:36:EF:E9:AB:36:20480:0,2022-11-15 11:10:26.392,3124
FE:C7:A5:36:EF:E9:AB:36:20480:0,2022-11-15 11:29:00.252,3124
FE:C7:A5:36:EF:E9:AB:36:20480:0,2022-11-15 11:41:24.852,3124
FE:C7:A5:36:EF:E9:AB:36:20480:0,2022-11-15 11:49:41.502,3124
FE:C7:A5:36:EF:E9:AB:36:20480:0,2022-11-15 11:57:01.512,3124
FE:C7:A5:36:EF:E9:AB:36:20480:0,2022-11-15 12:00:00.972,3124
FE:C7:A5:36:EF:E9:AB:36:20480:0,2022-11-15 12:16:06.942,3124
FE:C7:A5:36:EF:E9:AB:36:20480:0,2022-11-15 12:28:05.972,3124
FE:C7:A5:36:EF:E9:AB:36:20480:0,2022-11-15 12:41:25.572,3124
FE:C7:A5:36:EF:E9:AB:36:20480:0,2022-11-15 12:50:03.612,3124
FE:C7:A5:36:EF:E9:AB:36:20480:0,2022-11-15 13:05:00.81,3124
FE:C7:A5:36:EF:E9:AB:36:20480:0,2022-11-15 13:41:17.043,3124
FE:C7:A5:36:EF:E9:AB:36:20480:0,2022-11-15 14:41:18.212,3124
FE:C7:A5:36:EF:E9:AB:36:20480:0,2022-11-15 15:41:19.273,3124
FE:C7:A5:36:EF:E9:AB:36:20480:0,2022-11-15 16:41:17.432,3124
FE:C7:A5:36:EF:E9:AB:36:20480:0,2022-11-15 17:41:19.506,3124
FE:C7:A5:36:EF:E9:AB:36:20480:0,2022-11-15 18:41:17.634,3124
FE:C7:A5:36:EF:E9:AB:36:20480:0,2022-11-15 19:17:33.694,3125
FE:C7:A5:36:EF:E9:AB:36:20480:0,2022-11-15 19:41:17.782,3125
FE:C7:A5:36:EF:E9:AB:36:20480:0,2022-11-15 20:41:18.852,3125
FE:C7:A5:36:EF:E9:AB:36:20480:0,2022-11-15 21:41:24.022,3125
FE:C7:A5:36:EF:E9:AB:36:20480:0,2022-11-15 21:51:58.042,3126
FE:C7:A5:36:EF:E9:AB:36:20480:0,2022-11-15 21:52:01.042,3127
FE:C7:A5:36:EF:E9:AB:36:20480:0,2022-11-15 22:41:20.082,3127
FE:C7:A5:36:EF:E9:AB:36:20480:0,2022-11-15 23:07:41.138,3128
FE:C7:A5:36:EF:E9:AB:36:20480:0,2022-11-15 23:07:42.182,3129
FE:C7:A5:36:EF:E9:AB:36:20480:0,2022-11-15 23:41:19.201,3129
FE:C7:A5:36:EF:E9:AB:36:20480:0,2022-11-16 00:41:27.362,3129
FE:C7:A5:36:EF:E9:AB:36:20480:0,2022-11-16 01:41:18.472,3129
FE:C7:A5:36:EF:E9:AB:36:20480:0,2022-11-16 02:41:19.543,3129
FE:C7:A5:36:EF:E9:AB:36:20480:0,2022-11-16 03:41:19.658,3129
FE:C7:A5:36:EF:E9:AB:36:20480:0,2022-11-16 03:48:56.722,3130
FE:C7:A5:36:EF:E9:AB:36:20480:0,2022-11-16 04:41:18.769,3130
FE:C7:A5:36:EF:E9:AB:36:20480:0,2022-11-16 05:41:18.932,3130
FE:C7:A5:36:EF:E9:AB:36:20480:0,2022-11-16 06:41:22.042,3130
FE:C7:A5:36:EF:E9:AB:36:20480:0,2022-11-16 07:30:50.142,3131
FE:C7:A5:36:EF:E9:AB:36:20480:0,2022-11-16 07:41:21.116,3131
FE:C7:A5:36:EF:E9:AB:36:20480:0,2022-11-16 08:25:58.252,3132
FE:C7:A5:36:EF:E9:AB:36:20480:0,2022-11-16 08:32:07.262,3133
FE:C7:A5:36:EF:E9:AB:36:20480:0,2022-11-16 08:32:12.215,3134
FE:C7:A5:36:EF:E9:AB:36:20480:0,2022-11-16 08:38:07.272,3135
FE:C7:A5:36:EF:E9:AB:36:20480:0,2022-11-16 08:38:10.272,3136
FE:C7:A5:36:EF:E9:AB:36:20480:0,2022-11-16 08:41:24.282,3136
FE:C7:A5:36:EF:E9:AB:36:20480:0,2022-11-16 09:32:39.912,3136
FE:C7:A5:36:EF:E9:AB:36:20480:0,2022-11-16 09:41:22.042,3136
FE:C7:A5:36:EF:E9:AB:36:20480:0,2022-11-16 10:09:58.132,3136
FE:C7:A5:36:EF:E9:AB:36:20480:0,2022-11-16 10:41:19.162,3136
FE:C7:A5:36:EF:E9:AB:36:20480:0,2022-11-16 10:50:09.202,3136
FE:C7:A5:36:EF:E9:AB:36:20480:0,2022-11-16 11:03:24.832,3136
FE:C7:A5:36:EF:E9:AB:36:20480:0,2022-11-16 11:11:01.902,3136
FE:C7:A5:36:EF:E9:AB:36:20480:0,2022-11-16 11:17:03.262,3136
FE:C7:A5:36:EF:E9:AB:36:20480:0,2022-11-16 11:41:22.482,3136
FE:C7:A5:36:EF:E9:AB:36:20480:0,2022-11-16 12:41:27.612,3136
FE:C7:A5:36:EF:E9:AB:36:20480:0,2022-11-16 13:41:19.722,3136
FE:C7:A5:36:EF:E9:AB:36:20480:0,2022-11-16 14:41:20.842,3136
FE:C7:A5:36:EF:E9:AB:36:20480:0,2022-11-16 15:41:20.952,3136
FE:C7:A5:36:EF:E9:AB:36:20480:0,2022-11-16 16:41:20.072,3136
FE:C7:A5:36:EF:E9:AB:36:20480:0,2022-11-16 17:41:24.142,3136
FE:C7:A5:36:EF:E9:AB:36:20480:0,2022-11-16 17:52:09.032,3136
FE:C7:A5:36:EF:E9:AB:36:20480:0,2022-11-16 17:58:00.242,3136
FE:C7:A5:36:EF:E9:AB:36:20480:0,2022-11-16 18:07:06.462,3136
FE:C7:A5:36:EF:E9:AB:36:20480:0,2022-11-16 18:41:20.93,3136
FE:C7:A5:36:EF:E9:AB:36:20480:0,2022-11-16 19:41:26.012,3136
FE:C7:A5:36:EF:E9:AB:36:20480:0,2022-11-16 20:41:23.132,3136
FE:C7:A5:36:EF:E9:AB:36:20480:0,2022-11-16 21:41:25.242,3136
FE:C7:A5:36:EF:E9:AB:36:20480:0,2022-11-16 22:41:25.362,3136
FE:C7:A5:36:EF:E9:AB:36:20480:0,2022-11-16 23:41:21.432,3136
FE:C7:A5:36:EF:E9:AB:36:20480:0,2022-11-17 00:41:29.592,3136
FE:C7:A5:36:EF:E9:AB:36:20480:0,2022-11-17 01:41:21.702,3136
FE:C7:A5:36:EF:E9:AB:36:20480:0,2022-11-17 02:41:24.822,3136
FE:C7:A5:36:EF:E9:AB:36:20480:0,2022-11-17 03:41:23.932,3136
FE:C7:A5:36:EF:E9:AB:36:20480:0,2022-11-17 04:41:22.052,3136
FE:C7:A5:36:EF:E9:AB:36:20480:0,2022-11-17 05:41:23.172,3136
FE:C7:A5:36:EF:E9:AB:36:20480:0,2022-11-17 06:41:22.282,3136
FE:C7:A5:36:EF:E9:AB:36:20480:0,2022-11-17 07:07:00.752,3136
FE:C7:A5:36:EF:E9:AB:36:20480:0,2022-11-17 07:40:01.622,3136
FE:C7:A5:36:EF:E9:AB:36:20480:0,2022-11-17 07:41:21.802,3136
